FF_NDB,SR_NDB,food_category_id,FF Food description,SR Food description,Nutrient_id,rank,FF_Component,SR_Component,unit_name,SR Mean per 100g,SR Min,SR Max, Std_Error,SR Num_Data_pts,FF Mean per 100g,FF Min,FF Max,FF Median,FF data_points,FF Publication Date
1082,1082,1,"Milk, lowfat, 1% milkfat","Milk, lowfat, 1% milkfat",1253,15700,Cholesterol,Cholesterol,MG,5,4,5,0.109,4,5,4,6,5,24,12/16/2019
1082,1082,1,"Milk, lowfat, 1% milkfat","Milk, lowfat, 1% milkfat",1130,8500,"Tocotrienol, gamma","Tocotrienol, gamma",MG,0,0,0,0,12,0,0,0,0,6,12/16/2019
1082,1082,1,"Milk, lowfat, 1% milkfat","Milk, lowfat, 1% milkfat",1170,6700,Pantothenic acid,Pantothenic acid,MG,0.361,0.331,0.4,0.014,4,0.368,0.33,0.393,0.374,6,12/16/2019
1082,1082,1,"Milk, lowfat, 1% milkfat","Milk, lowfat, 1% milkfat",1218,17100,Tyrosine,Tyrosine,G,0.17,,,,0,0.167,0.14,0.21,0.16,12,12/16/2019
1082,1082,1,"Milk, lowfat, 1% milkfat","Milk, lowfat, 1% milkfat",1211,16400,Threonine,Threonine,G,0.143,,,,0,0.158,0.13,0.2,0.16,12,12/16/2019
1082,1082,1,"Milk, lowfat, 1% milkfat","Milk, lowfat, 1% milkfat",1087,5300,"Calcium, Ca","Calcium, Ca",MG,125,,,1.443,4,126,111,143,127,12,12/16/2019
1082,1082,1,"Milk, lowfat, 1% milkfat","Milk, lowfat, 1% milkfat",1223,17600,Aspartic acid,Aspartic acid,G,0.288,,,,0,0.286,0.23,0.37,0.28,12,12/16/2019
1082,1082,1,"Milk, lowfat, 1% milkfat","Milk, lowfat, 1% milkfat",1180,7220,"Choline, total","Choline, total",MG,17.7,,,,0,17.4,16,19.4,17,6,12/16/2019
1082,1082,1,"Milk, lowfat, 1% milkfat","Milk, lowfat, 1% milkfat",1226,17900,Proline,Proline,G,0.332,,,,0,0.349,0.29,0.44,0.345,12,12/16/2019
1082,1082,1,"Milk, lowfat, 1% milkfat","Milk, lowfat, 1% milkfat",1131,8600,"Tocotrienol, delta","Tocotrienol, delta",MG,0,0,0,0,12,0,0,0,0,6,12/16/2019
1082,1082,1,"Milk, lowfat, 1% milkfat","Milk, lowfat, 1% milkfat",1126,8100,"Tocopherol, gamma","Tocopherol, gamma",MG,0,0,0,0,12,0,0,0,0,6,12/16/2019
1082,1082,1,"Milk, lowfat, 1% milkfat","Milk, lowfat, 1% milkfat",1008,300,Energy,Energy,KCAL,42,,,,0,43,,,,,12/16/2019
1082,1082,1,"Milk, lowfat, 1% milkfat","Milk, lowfat, 1% milkfat",1293,12900,"Fatty acids, total polyunsaturated","Fatty acids, total polyunsaturated",G,0.035,,,,0,0.032,0.03,0.04,0.03,12,12/16/2019
1082,1082,1,"Milk, lowfat, 1% milkfat","Milk, lowfat, 1% milkfat",1013,1900,Lactose,Lactose,G,5.2,4.84,6.08,0.104,12,4.96,4.59,5.84,4.94,12,12/16/2019
1082,1082,1,"Milk, lowfat, 1% milkfat","Milk, lowfat, 1% milkfat",1112,8720,Vitamin D3 (cholecalciferol),Vitamin D3 (cholecalciferol),UG,1.2,0.3,1.7,0.068,24,1.06,0,2.16,1.04,24,12/16/2019
1082,1082,1,"Milk, lowfat, 1% milkfat","Milk, lowfat, 1% milkfat",1178,7300,Vitamin B-12,Vitamin B-12,UG,0.47,,,0.019,4,0.61,0.51,0.84,0.58,12,12/16/2019
1082,1082,1,"Milk, lowfat, 1% milkfat","Milk, lowfat, 1% milkfat",1010,1600,Sucrose,Sucrose,G,0,0,0,0,12,0,0,0,0,12,12/16/2019
1082,1082,1,"Milk, lowfat, 1% milkfat","Milk, lowfat, 1% milkfat",1167,6600,Niacin,Niacin,MG,0.093,0.081,0.115,0.003,12,0.113,0.08,0.14,0.105,12,12/16/2019
1082,1082,1,"Milk, lowfat, 1% milkfat","Milk, lowfat, 1% milkfat",1092,5700,"Potassium, K","Potassium, K",MG,150,,,1.088,11,159,150,191,156,12,12/16/2019
1082,1082,1,"Milk, lowfat, 1% milkfat","Milk, lowfat, 1% milkfat",1091,5600,"Phosphorus, P","Phosphorus, P",MG,95,86,100,0.368,21,103,93,115,103,12,12/16/2019
1082,1082,1,"Milk, lowfat, 1% milkfat","Milk, lowfat, 1% milkfat",1215,16800,Methionine,Methionine,G,0.088,,,,0,0.092,0.08,0.12,0.09,12,12/16/2019
1082,1082,1,"Milk, lowfat, 1% milkfat","Milk, lowfat, 1% milkfat",1214,16700,Lysine,Lysine,G,0.282,,,,0,0.308,0.27,0.38,0.3,12,12/16/2019
1082,1082,1,"Milk, lowfat, 1% milkfat","Milk, lowfat, 1% milkfat",1227,18000,Serine,Serine,G,0.203,,,,0,0.194,0.16,0.24,0.19,12,12/16/2019
1082,1082,1,"Milk, lowfat, 1% milkfat","Milk, lowfat, 1% milkfat",1129,8400,"Tocotrienol, beta","Tocotrienol, beta",MG,0,0,0,0,12,0,0,0,0,6,12/16/2019
1082,1082,1,"Milk, lowfat, 1% milkfat","Milk, lowfat, 1% milkfat",1095,5900,"Zinc, Zn","Zinc, Zn",MG,0.42,,,0.003,11,0.43,0.37,0.48,0.43,12,12/16/2019
1082,1082,1,"Milk, lowfat, 1% milkfat","Milk, lowfat, 1% milkfat",1003,600,Protein,Protein,G,3.37,3.26,4.03,0.061,12,3.38,3.06,4.02,3.38,,12/16/2019
1082,1082,1,"Milk, lowfat, 1% milkfat","Milk, lowfat, 1% milkfat",1101,6100,"Manganese, Mn","Manganese, Mn",MG,0.003,,,0,12,0,0,0.003,0,12,12/16/2019
1082,1082,1,"Milk, lowfat, 1% milkfat","Milk, lowfat, 1% milkfat",1093,5800,"Sodium, Na","Sodium, Na",MG,44,37,58,0.76,23,39,36,48,38,12,12/16/2019
1082,1082,1,"Milk, lowfat, 1% milkfat","Milk, lowfat, 1% milkfat",1012,1800,Fructose,Fructose,G,0,0,0,0,12,0,0,0,0,12,12/16/2019
1082,1082,1,"Milk, lowfat, 1% milkfat","Milk, lowfat, 1% milkfat",1110,8650,"Vitamin D (D2 + D3), International Units",Vitamin D,IU,48,11,67,2.706,24,42.4,,,,,12/16/2019
1082,1082,1,"Milk, lowfat, 1% milkfat","Milk, lowfat, 1% milkfat",1075,2100,Galactose,Galactose,G,0,0,0,0,12,0,0,0,0,12,12/16/2019
1082,1082,1,"Milk, lowfat, 1% milkfat","Milk, lowfat, 1% milkfat",1063,1500,"Sugars, Total","Sugars, total",G,5.2,4.84,6.08,0.104,12,4.96,,,,,12/16/2019
1082,1082,1,"Milk, lowfat, 1% milkfat","Milk, lowfat, 1% milkfat",1225,17800,Glycine,Glycine,G,0.067,,,,0,0.069,0.06,0.09,0.07,12,12/16/2019
1082,1082,1,"Milk, lowfat, 1% milkfat","Milk, lowfat, 1% milkfat",1106,7420,"Vitamin A, RAE","Vitamin A, RAE",UG,58,,,,0,58,,,,,12/16/2019
1082,1082,1,"Milk, lowfat, 1% milkfat","Milk, lowfat, 1% milkfat",1177,6900,"Folate, total","Folate, total",UG,5,4,5,0.083,12,2,0,7,0,12,12/16/2019
1082,1082,1,"Milk, lowfat, 1% milkfat","Milk, lowfat, 1% milkfat",1224,17700,Glutamic acid,Glutamic acid,G,0.756,,,,0,0.809,0.67,1.07,0.78,12,12/16/2019
1082,1082,1,"Milk, lowfat, 1% milkfat","Milk, lowfat, 1% milkfat",1122,7530,Lycopene,Lycopene,UG,0,,,,0,0,0,0,0,6,12/16/2019
1082,1082,1,"Milk, lowfat, 1% milkfat","Milk, lowfat, 1% milkfat",1220,17300,Arginine,Arginine,G,0.096,,,,0,0.128,0.11,0.16,0.12,12,12/16/2019
1082,1082,1,"Milk, lowfat, 1% milkfat","Milk, lowfat, 1% milkfat",1011,1700,Glucose,Glucose (dextrose),G,0,0,0,0,12,0,0,0,0,12,12/16/2019
1082,1082,1,"Milk, lowfat, 1% milkfat","Milk, lowfat, 1% milkfat",1098,6000,"Copper, Cu","Copper, Cu",MG,0.01,,,0.001,12,0.001,0,0.006,0,12,12/16/2019
1082,1082,1,"Milk, lowfat, 1% milkfat","Milk, lowfat, 1% milkfat",1175,6800,Vitamin B-6,Vitamin B-6,MG,0.037,0.032,0.044,0.001,12,0.06,0.054,0.069,0.061,12,12/16/2019
1082,1082,1,"Milk, lowfat, 1% milkfat","Milk, lowfat, 1% milkfat",1258,9700,"Fatty acids, total saturated","Fatty acids, total saturated",G,0.633,,,,0,0.568,0.5,0.7,0.555,12,12/16/2019
1082,1082,1,"Milk, lowfat, 1% milkfat","Milk, lowfat, 1% milkfat",1219,17200,Valine,Valine,G,0.22,,,,0,0.21,0.17,0.28,0.205,12,12/16/2019
1082,1082,1,"Milk, lowfat, 1% milkfat","Milk, lowfat, 1% milkfat",1089,5400,"Iron, Fe","Iron, Fe",MG,0.03,,,0.004,4,0,0,0,0,12,12/16/2019
1082,1082,1,"Milk, lowfat, 1% milkfat","Milk, lowfat, 1% milkfat",1166,6500,Riboflavin,Riboflavin,MG,0.185,0.16,0.22,0.005,12,0.14,0.114,0.176,0.141,12,12/16/2019
1082,1082,1,"Milk, lowfat, 1% milkfat","Milk, lowfat, 1% milkfat",1127,8200,"Tocopherol, delta","Tocopherol, delta",MG,0,0,0,0,12,0,0,0,0,6,12/16/2019
1082,1082,1,"Milk, lowfat, 1% milkfat","Milk, lowfat, 1% milkfat",1221,17400,Histidine,Histidine,G,0.101,,,,0,0.099,0.09,0.12,0.1,12,12/16/2019
1082,1082,1,"Milk, lowfat, 1% milkfat","Milk, lowfat, 1% milkfat",1213,16600,Leucine,Leucine,G,0.319,,,,0,0.342,0.29,0.44,0.33,12,12/16/2019
1082,1082,1,"Milk, lowfat, 1% milkfat","Milk, lowfat, 1% milkfat",1007,1000,Ash,Ash,G,0.75,0.7,0.89,0.014,12,0.8,0.52,1.55,0.72,24,12/16/2019
1082,1082,1,"Milk, lowfat, 1% milkfat","Milk, lowfat, 1% milkfat",1125,8000,"Tocopherol, beta","Tocopherol, beta",MG,0,0,0,0,12,0,0,0,0,6,12/16/2019
1082,1082,1,"Milk, lowfat, 1% milkfat","Milk, lowfat, 1% milkfat",1217,17000,Phenylalanine,Phenylalanine,G,0.174,,,,0,0.168,0.14,0.21,0.16,12,12/16/2019
1082,1082,1,"Milk, lowfat, 1% milkfat","Milk, lowfat, 1% milkfat",1222,17500,Alanine,Alanine,G,0.114,,,,0,0.111,0.09,0.14,0.11,12,12/16/2019
1082,1082,1,"Milk, lowfat, 1% milkfat","Milk, lowfat, 1% milkfat",1005,1110,"Carbohydrate, by difference","Carbohydrate, by difference",G,4.99,,,,0,5.18,,,,,12/16/2019
1082,1082,1,"Milk, lowfat, 1% milkfat","Milk, lowfat, 1% milkfat",1165,6400,Thiamin,Thiamin,MG,0.02,0.015,0.043,0.002,12,0.057,0.046,0.071,0.056,12,12/16/2019
1082,1082,1,"Milk, lowfat, 1% milkfat","Milk, lowfat, 1% milkfat",1107,7440,"Carotene, beta","Carotene, beta",UG,2,,,,0,1,1,3,1,6,12/16/2019
1082,1082,1,"Milk, lowfat, 1% milkfat","Milk, lowfat, 1% milkfat",1014,2000,Maltose,Maltose,G,0,0,0,0,12,0,0,0,0,12,12/16/2019
1082,1082,1,"Milk, lowfat, 1% milkfat","Milk, lowfat, 1% milkfat",1128,8300,"Tocotrienol, alpha","Tocotrienol, alpha",MG,0,0,0,0,12,0,0,0,0,6,12/16/2019
1082,1082,1,"Milk, lowfat, 1% milkfat","Milk, lowfat, 1% milkfat",1210,16300,Tryptophan,Tryptophan,G,0.043,,,,0,0.045,0.04,0.06,0.04,12,12/16/2019
1082,1082,1,"Milk, lowfat, 1% milkfat","Milk, lowfat, 1% milkfat",1051,100,Water,Water,G,89.92,88.04,90.29,0.174,12,89.7,86.9,91.8,89.9,24,12/16/2019
1082,1082,1,"Milk, lowfat, 1% milkfat","Milk, lowfat, 1% milkfat",1212,16500,Isoleucine,Isoleucine,G,0.174,,,,0,0.174,0.14,0.24,0.17,12,12/16/2019
1082,1082,1,"Milk, lowfat, 1% milkfat","Milk, lowfat, 1% milkfat",1105,7430,Retinol,Retinol,UG,58,,,,0,58,22,81,62,12,12/16/2019
1082,1082,1,"Milk, lowfat, 1% milkfat","Milk, lowfat, 1% milkfat",1103,6200,"Selenium, Se","Selenium, Se",UG,3.3,2,4.9,0.301,12,2.1,0,4.2,3.1,12,12/16/2019
1082,1082,1,"Milk, lowfat, 1% milkfat","Milk, lowfat, 1% milkfat",1062,400,Energy,Energy,kJ,177,,,,0,179,,,,,12/16/2019
1082,1082,1,"Milk, lowfat, 1% milkfat","Milk, lowfat, 1% milkfat",1109,7905,Vitamin E (alpha-tocopherol),Vitamin E (alpha-tocopherol),MG,0.01,0.01,0.02,0.002,12,0.02,0.01,0.05,0.02,6,12/16/2019
1082,1082,1,"Milk, lowfat, 1% milkfat","Milk, lowfat, 1% milkfat",1114,8700,Vitamin D (D2 + D3),Vitamin D (D2 + D3),UG,1.2,,,,24,1.06,,,,,12/16/2019
1082,1082,1,"Milk, lowfat, 1% milkfat","Milk, lowfat, 1% milkfat",1090,5500,"Magnesium, Mg","Magnesium, Mg",MG,11,9,12,0.093,22,12,10.5,14,12,12,12/16/2019
1082,1082,1,"Milk, lowfat, 1% milkfat","Milk, lowfat, 1% milkfat",1198,7290,Betaine,Betaine,MG,0.6,,,,1,0.9,0.6,1.6,0.8,6,12/16/2019
1082,1082,1,"Milk, lowfat, 1% milkfat","Milk, lowfat, 1% milkfat",1004,800,Total lipid (fat),Total lipid (fat),G,0.97,0.84,1,0.026,6,0.95,0.72,1.19,0.94,24,12/16/2019
1082,1082,1,"Milk, lowfat, 1% milkfat","Milk, lowfat, 1% milkfat",1292,11400,"Fatty acids, total monounsaturated","Fatty acids, total monounsaturated",G,0.277,,,,0,0.21,0.17,0.25,0.2,12,12/16/2019
1085,1085,1,"Milk, nonfat (fat free or skim)","Milk, nonfat (fat free or skim)",1215,16800,Methionine,Methionine,G,0.088,,,,0,0.093,0.08,0.11,0.09,12,12/16/2019
1085,1085,1,"Milk, nonfat (fat free or skim)","Milk, nonfat (fat free or skim)",1129,8400,"Tocotrienol, beta","Tocotrienol, beta",MG,0,0,0,0,12,0,0,0,0,6,12/16/2019
1085,1085,1,"Milk, nonfat (fat free or skim)","Milk, nonfat (fat free or skim)",1098,6000,"Copper, Cu","Copper, Cu",MG,0.013,0.008,0.015,0,24,0.002,0,0.006,0,12,12/16/2019
1085,1085,1,"Milk, nonfat (fat free or skim)","Milk, nonfat (fat free or skim)",1011,1700,Glucose,Glucose (dextrose),G,0,0,0,0,12,0,0,0,0,12,12/16/2019
1085,1085,1,"Milk, nonfat (fat free or skim)","Milk, nonfat (fat free or skim)",1087,5300,"Calcium, Ca","Calcium, Ca",MG,122,,,0.946,4,132,118,153,129,12,12/16/2019
1085,1085,1,"Milk, nonfat (fat free or skim)","Milk, nonfat (fat free or skim)",1092,5700,"Potassium, K","Potassium, K",MG,156,149,167,0.764,26,167,151,186,160,12,12/16/2019
1085,1085,1,"Milk, nonfat (fat free or skim)","Milk, nonfat (fat free or skim)",1227,18000,Serine,Serine,G,0.203,,,,0,0.202,0.17,0.24,0.205,12,12/16/2019
1085,1085,1,"Milk, nonfat (fat free or skim)","Milk, nonfat (fat free or skim)",1214,16700,Lysine,Lysine,G,0.282,,,,0,0.302,0.25,0.37,0.3,12,12/16/2019
1085,1085,1,"Milk, nonfat (fat free or skim)","Milk, nonfat (fat free or skim)",1014,2000,Maltose,Maltose,G,0,0,0,0,12,0,0,0,0,12,12/16/2019
1085,1085,1,"Milk, nonfat (fat free or skim)","Milk, nonfat (fat free or skim)",1005,1110,"Carbohydrate, by difference","Carbohydrate, by difference",G,4.96,,,,0,4.92,,,,,12/16/2019
1085,1085,1,"Milk, nonfat (fat free or skim)","Milk, nonfat (fat free or skim)",1258,9700,"Fatty acids, total saturated","Fatty acids, total saturated",G,0.056,,,,0,0.049,0.03,0.09,0.045,12,12/16/2019
1085,1085,1,"Milk, nonfat (fat free or skim)","Milk, nonfat (fat free or skim)",1008,300,Energy,Energy,KCAL,34,,,,0,34,,,,,12/16/2019
1085,1085,1,"Milk, nonfat (fat free or skim)","Milk, nonfat (fat free or skim)",1051,100,Water,Water,G,90.84,90.58,91,0.032,12,90.8,89.3,92.8,90.8,24,12/16/2019
1085,1085,1,"Milk, nonfat (fat free or skim)","Milk, nonfat (fat free or skim)",1224,17700,Glutamic acid,Glutamic acid,G,0.757,,,,0,0.832,0.71,1.01,0.81,12,12/16/2019
1085,1085,1,"Milk, nonfat (fat free or skim)","Milk, nonfat (fat free or skim)",1107,7440,"Carotene, beta","Carotene, beta",UG,0,,,,0,2,0,5,0,6,12/16/2019
1085,1085,1,"Milk, nonfat (fat free or skim)","Milk, nonfat (fat free or skim)",1063,1500,"Sugars, Total","Sugars, total",G,5.09,4.67,5.27,0.048,12,5.05,,,,,12/16/2019
1085,1085,1,"Milk, nonfat (fat free or skim)","Milk, nonfat (fat free or skim)",1062,400,Energy,Energy,kJ,143,,,,0,144,,,,,12/16/2019
1085,1085,1,"Milk, nonfat (fat free or skim)","Milk, nonfat (fat free or skim)",1253,15700,Cholesterol,Cholesterol,MG,2,,,0.07,4,3,2,3,3,24,12/16/2019
1085,1085,1,"Milk, nonfat (fat free or skim)","Milk, nonfat (fat free or skim)",1127,8200,"Tocopherol, delta","Tocopherol, delta",MG,0,0,0,0,12,0,0,0,0,6,12/16/2019
1085,1085,1,"Milk, nonfat (fat free or skim)","Milk, nonfat (fat free or skim)",1106,7420,"Vitamin A, RAE","Vitamin A, RAE",UG,61,,,,0,64,,,,,12/16/2019
1085,1085,1,"Milk, nonfat (fat free or skim)","Milk, nonfat (fat free or skim)",1130,8500,"Tocotrienol, gamma","Tocotrienol, gamma",MG,0,0,0,0,12,0,0,0,0,6,12/16/2019
1085,1085,1,"Milk, nonfat (fat free or skim)","Milk, nonfat (fat free or skim)",1225,17800,Glycine,Glycine,G,0.067,,,,0,0.071,0.06,0.08,0.07,12,12/16/2019
1085,1085,1,"Milk, nonfat (fat free or skim)","Milk, nonfat (fat free or skim)",1110,8650,"Vitamin D (D2 + D3), International Units",Vitamin D,IU,47,5,74,2.431,24,44,,,,,12/16/2019
1085,1085,1,"Milk, nonfat (fat free or skim)","Milk, nonfat (fat free or skim)",1091,5600,"Phosphorus, P","Phosphorus, P",MG,101,51,104,0.424,39,107,97,122,106,12,12/16/2019
1085,1085,1,"Milk, nonfat (fat free or skim)","Milk, nonfat (fat free or skim)",1210,16300,Tryptophan,Tryptophan,G,0.043,,,,0,0.048,0.04,0.06,0.05,12,12/16/2019
1085,1085,1,"Milk, nonfat (fat free or skim)","Milk, nonfat (fat free or skim)",1013,1900,Lactose,Lactose,G,5.09,4.67,5.27,0.048,12,5.05,4.72,5.58,5.01,12,12/16/2019
1085,1085,1,"Milk, nonfat (fat free or skim)","Milk, nonfat (fat free or skim)",1198,7290,Betaine,Betaine,MG,1.9,,,,1,0.9,0.6,1.6,0.8,6,12/16/2019
1085,1085,1,"Milk, nonfat (fat free or skim)","Milk, nonfat (fat free or skim)",1003,600,Protein,Protein,G,3.37,3.27,3.67,0.032,12,3.43,3,4.15,3.41,,12/16/2019
1085,1085,1,"Milk, nonfat (fat free or skim)","Milk, nonfat (fat free or skim)",1004,800,Total lipid (fat),Total lipid (fat),G,0.08,0.05,0.14,0.009,12,0.08,0.03,0.16,0.08,24,12/16/2019
1085,1085,1,"Milk, nonfat (fat free or skim)","Milk, nonfat (fat free or skim)",1178,7300,Vitamin B-12,Vitamin B-12,UG,0.5,,,0.069,4,0.58,0.44,0.72,0.59,12,12/16/2019
1085,1085,1,"Milk, nonfat (fat free or skim)","Milk, nonfat (fat free or skim)",1105,7430,Retinol,Retinol,UG,61,,,,0,64,36,89,64,12,12/16/2019
1085,1085,1,"Milk, nonfat (fat free or skim)","Milk, nonfat (fat free or skim)",1128,8300,"Tocotrienol, alpha","Tocotrienol, alpha",MG,0,0,0.02,0.002,12,0,0,0,0,6,12/16/2019
1085,1085,1,"Milk, nonfat (fat free or skim)","Milk, nonfat (fat free or skim)",1109,7905,Vitamin E (alpha-tocopherol),Vitamin E (alpha-tocopherol),MG,0.01,0,0.02,0.002,12,0,0,0.02,0,6,12/16/2019
1085,1085,1,"Milk, nonfat (fat free or skim)","Milk, nonfat (fat free or skim)",1222,17500,Alanine,Alanine,G,0.114,,,,0,0.118,0.1,0.14,0.12,12,12/16/2019
1085,1085,1,"Milk, nonfat (fat free or skim)","Milk, nonfat (fat free or skim)",1131,8600,"Tocotrienol, delta","Tocotrienol, delta",MG,0,0,0,0,12,0,0,0,0,6,12/16/2019
1085,1085,1,"Milk, nonfat (fat free or skim)","Milk, nonfat (fat free or skim)",1093,5800,"Sodium, Na","Sodium, Na",MG,42,30,62,0.421,40,41,38,47,40,12,12/16/2019
1085,1085,1,"Milk, nonfat (fat free or skim)","Milk, nonfat (fat free or skim)",1221,17400,Histidine,Histidine,G,0.102,,,,0,0.101,0.09,0.11,0.1,12,12/16/2019
1085,1085,1,"Milk, nonfat (fat free or skim)","Milk, nonfat (fat free or skim)",1218,17100,Tyrosine,Tyrosine,G,0.17,,,,0,0.168,0.15,0.2,0.165,12,12/16/2019
1085,1085,1,"Milk, nonfat (fat free or skim)","Milk, nonfat (fat free or skim)",1226,17900,Proline,Proline,G,0.332,,,,0,0.348,0.3,0.41,0.35,12,12/16/2019
1085,1085,1,"Milk, nonfat (fat free or skim)","Milk, nonfat (fat free or skim)",1219,17200,Valine,Valine,G,0.221,,,,0,0.222,0.19,0.26,0.215,12,12/16/2019
1085,1085,1,"Milk, nonfat (fat free or skim)","Milk, nonfat (fat free or skim)",1010,1600,Sucrose,Sucrose,G,0,0,0,0,12,0,0,0,0,12,12/16/2019
1085,1085,1,"Milk, nonfat (fat free or skim)","Milk, nonfat (fat free or skim)",1211,16400,Threonine,Threonine,G,0.144,,,,0,0.166,0.14,0.19,0.165,12,12/16/2019
1085,1085,1,"Milk, nonfat (fat free or skim)","Milk, nonfat (fat free or skim)",1175,6800,Vitamin B-6,Vitamin B-6,MG,0.037,0.031,0.042,0.001,12,0.058,0.051,0.072,0.057,12,12/16/2019
1085,1085,1,"Milk, nonfat (fat free or skim)","Milk, nonfat (fat free or skim)",1101,6100,"Manganese, Mn","Manganese, Mn",MG,0.003,,,0,12,0.001,0,0.003,0,12,12/16/2019
1085,1085,1,"Milk, nonfat (fat free or skim)","Milk, nonfat (fat free or skim)",1293,12900,"Fatty acids, total polyunsaturated","Fatty acids, total polyunsaturated",G,0.003,,,,0,0.006,0,0.01,0.01,12,12/16/2019
1085,1085,1,"Milk, nonfat (fat free or skim)","Milk, nonfat (fat free or skim)",1220,17300,Arginine,Arginine,G,0.096,,,,0,0.131,0.12,0.15,0.13,12,12/16/2019
1085,1085,1,"Milk, nonfat (fat free or skim)","Milk, nonfat (fat free or skim)",1095,5900,"Zinc, Zn","Zinc, Zn",MG,0.42,0.28,0.45,0.003,27,0.45,0.39,0.52,0.43,12,12/16/2019
1085,1085,1,"Milk, nonfat (fat free or skim)","Milk, nonfat (fat free or skim)",1112,8720,Vitamin D3 (cholecalciferol),Vitamin D3 (cholecalciferol),UG,1.2,0.1,1.9,0.061,24,1.1,0.8,1.56,1,24,12/16/2019
1085,1085,1,"Milk, nonfat (fat free or skim)","Milk, nonfat (fat free or skim)",1170,6700,Pantothenic acid,Pantothenic acid,MG,0.357,0.342,0.365,0.005,4,0.388,0.33,0.455,0.376,6,12/16/2019
1085,1085,1,"Milk, nonfat (fat free or skim)","Milk, nonfat (fat free or skim)",1122,7530,Lycopene,Lycopene,UG,0,,,,0,0,0,0,0,6,12/16/2019
1085,1085,1,"Milk, nonfat (fat free or skim)","Milk, nonfat (fat free or skim)",1126,8100,"Tocopherol, gamma","Tocopherol, gamma",MG,0,0,0,0,12,0,0,0,0,6,12/16/2019
1085,1085,1,"Milk, nonfat (fat free or skim)","Milk, nonfat (fat free or skim)",1180,7220,"Choline, total","Choline, total",MG,15.6,,,,0,18.2,16,20.3,18.3,6,12/16/2019
1085,1085,1,"Milk, nonfat (fat free or skim)","Milk, nonfat (fat free or skim)",1292,11400,"Fatty acids, total monounsaturated","Fatty acids, total monounsaturated",G,0.022,,,,0,0.017,0,0.04,0.015,12,12/16/2019
1085,1085,1,"Milk, nonfat (fat free or skim)","Milk, nonfat (fat free or skim)",1212,16500,Isoleucine,Isoleucine,G,0.174,,,,0,0.182,0.16,0.22,0.18,12,12/16/2019
1085,1085,1,"Milk, nonfat (fat free or skim)","Milk, nonfat (fat free or skim)",1007,1000,Ash,Ash,G,0.75,0.71,0.78,0.006,12,0.77,0.5,1.3,0.74,24,12/16/2019
1085,1085,1,"Milk, nonfat (fat free or skim)","Milk, nonfat (fat free or skim)",1125,8000,"Tocopherol, beta","Tocopherol, beta",MG,0,0,0,0,12,0,0,0,0,6,12/16/2019
1085,1085,1,"Milk, nonfat (fat free or skim)","Milk, nonfat (fat free or skim)",1090,5500,"Magnesium, Mg","Magnesium, Mg",MG,11,6,12,0.071,41,12.5,11.3,14.5,12.2,12,12/16/2019
1085,1085,1,"Milk, nonfat (fat free or skim)","Milk, nonfat (fat free or skim)",1089,5400,"Iron, Fe","Iron, Fe",MG,0.03,,,0.003,4,0,0,0,0,12,12/16/2019
1085,1085,1,"Milk, nonfat (fat free or skim)","Milk, nonfat (fat free or skim)",1223,17600,Aspartic acid,Aspartic acid,G,0.288,,,,0,0.299,0.25,0.35,0.3,12,12/16/2019
1085,1085,1,"Milk, nonfat (fat free or skim)","Milk, nonfat (fat free or skim)",1177,6900,"Folate, total","Folate, total",UG,5,5,5,0,10,2,0,6,0,12,12/16/2019
1085,1085,1,"Milk, nonfat (fat free or skim)","Milk, nonfat (fat free or skim)",1165,6400,Thiamin,Thiamin,MG,0.045,0.024,0.075,0.004,12,0.056,0.048,0.062,0.054,12,12/16/2019
1085,1085,1,"Milk, nonfat (fat free or skim)","Milk, nonfat (fat free or skim)",1075,2100,Galactose,Galactose,G,0,0,0,0,12,0,0,0,0,12,12/16/2019
1085,1085,1,"Milk, nonfat (fat free or skim)","Milk, nonfat (fat free or skim)",1167,6600,Niacin,Niacin,MG,0.094,0.058,0.105,0.004,12,0.118,0.1,0.18,0.11,12,12/16/2019
1085,1085,1,"Milk, nonfat (fat free or skim)","Milk, nonfat (fat free or skim)",1103,6200,"Selenium, Se","Selenium, Se",UG,3.1,2.1,4.3,0.26,11,2,0,4.3,3.2,12,12/16/2019
1085,1085,1,"Milk, nonfat (fat free or skim)","Milk, nonfat (fat free or skim)",1213,16600,Leucine,Leucine,G,0.319,,,,0,0.347,0.31,0.42,0.34,12,12/16/2019
1085,1085,1,"Milk, nonfat (fat free or skim)","Milk, nonfat (fat free or skim)",1012,1800,Fructose,Fructose,G,0,0,0,0,12,0,0,0,0,12,12/16/2019
1085,1085,1,"Milk, nonfat (fat free or skim)","Milk, nonfat (fat free or skim)",1166,6500,Riboflavin,Riboflavin,MG,0.182,0.16,0.2,0.004,12,0.131,0,0.199,0.132,12,12/16/2019
1085,1085,1,"Milk, nonfat (fat free or skim)","Milk, nonfat (fat free or skim)",1217,17000,Phenylalanine,Phenylalanine,G,0.175,,,,0,0.168,0.15,0.2,0.165,12,12/16/2019
1085,1085,1,"Milk, nonfat (fat free or skim)","Milk, nonfat (fat free or skim)",1114,8700,Vitamin D (D2 + D3),Vitamin D (D2 + D3),UG,1.2,,,,24,1.1,,,,,12/16/2019
1079,1079,1,"Milk, reduced fat, 2% milkfat","Milk, reduced fat, 2% milkfat",1218,17100,Tyrosine,Tyrosine,G,0.167,,,,0,0.165,0.15,0.19,0.165,12,12/16/2019
1079,1079,1,"Milk, reduced fat, 2% milkfat","Milk, reduced fat, 2% milkfat",1292,11400,"Fatty acids, total monounsaturated","Fatty acids, total monounsaturated",G,0.56,,,,0,0.4,0.36,0.43,0.4,12,12/16/2019
1079,1079,1,"Milk, reduced fat, 2% milkfat","Milk, reduced fat, 2% milkfat",1004,800,Total lipid (fat),Total lipid (fat),G,1.98,1.9,2.06,0.008,14,1.9,1.68,2.06,1.92,24,12/16/2019
1079,1079,1,"Milk, reduced fat, 2% milkfat","Milk, reduced fat, 2% milkfat",1293,12900,"Fatty acids, total polyunsaturated","Fatty acids, total polyunsaturated",G,0.073,,,,0,0.058,0.01,0.08,0.06,12,12/16/2019
1079,1079,1,"Milk, reduced fat, 2% milkfat","Milk, reduced fat, 2% milkfat",1227,18000,Serine,Serine,G,0.199,,,,0,0.197,0.18,0.22,0.2,12,12/16/2019
1079,1079,1,"Milk, reduced fat, 2% milkfat","Milk, reduced fat, 2% milkfat",1105,7430,Retinol,Retinol,UG,55,,,,0,83,56,115,86,12,12/16/2019
1079,1079,1,"Milk, reduced fat, 2% milkfat","Milk, reduced fat, 2% milkfat",1221,17400,Histidine,Histidine,G,0.1,,,,0,0.099,0.09,0.11,0.1,12,12/16/2019
1079,1079,1,"Milk, reduced fat, 2% milkfat","Milk, reduced fat, 2% milkfat",1107,7440,"Carotene, beta","Carotene, beta",UG,4,,,,0,3,2,3,3,6,12/16/2019
1079,1079,1,"Milk, reduced fat, 2% milkfat","Milk, reduced fat, 2% milkfat",1224,17700,Glutamic acid,Glutamic acid,G,0.742,,,,0,0.801,0.72,0.87,0.82,12,12/16/2019
1079,1079,1,"Milk, reduced fat, 2% milkfat","Milk, reduced fat, 2% milkfat",1130,8500,"Tocotrienol, gamma","Tocotrienol, gamma",MG,0,0,0,0,12,0,0,0,0,6,12/16/2019
1079,1079,1,"Milk, reduced fat, 2% milkfat","Milk, reduced fat, 2% milkfat",1087,5300,"Calcium, Ca","Calcium, Ca",MG,120,,,0.707,4,126,111,134,126,12,12/16/2019
1079,1079,1,"Milk, reduced fat, 2% milkfat","Milk, reduced fat, 2% milkfat",1010,1600,Sucrose,Sucrose,G,0.01,0,0.1,0,13,0,0,0,0,12,12/16/2019
1079,1079,1,"Milk, reduced fat, 2% milkfat","Milk, reduced fat, 2% milkfat",1014,2000,Maltose,Maltose,G,0.01,0,0.1,0,13,0,0,0,0,12,12/16/2019
1079,1079,1,"Milk, reduced fat, 2% milkfat","Milk, reduced fat, 2% milkfat",1062,400,Energy,Energy,kJ,210,,,,0,209,,,,,12/16/2019
1079,1079,1,"Milk, reduced fat, 2% milkfat","Milk, reduced fat, 2% milkfat",1091,5600,"Phosphorus, P","Phosphorus, P",MG,92,82,98,0.526,28,103,91,111,104,12,12/16/2019
1079,1079,1,"Milk, reduced fat, 2% milkfat","Milk, reduced fat, 2% milkfat",1175,6800,Vitamin B-6,Vitamin B-6,MG,0.038,0.029,0.045,0.001,13,0.061,0.054,0.068,0.06,12,12/16/2019
1079,1079,1,"Milk, reduced fat, 2% milkfat","Milk, reduced fat, 2% milkfat",1012,1800,Fructose,Fructose,G,0.01,0,0.1,0,13,0,0,0,0,12,12/16/2019
1079,1079,1,"Milk, reduced fat, 2% milkfat","Milk, reduced fat, 2% milkfat",1112,8720,Vitamin D3 (cholecalciferol),Vitamin D3 (cholecalciferol),UG,1.2,0,1.6,0.065,24,1.13,0.84,1.59,1.12,24,12/16/2019
1079,1079,1,"Milk, reduced fat, 2% milkfat","Milk, reduced fat, 2% milkfat",1114,8700,Vitamin D (D2 + D3),Vitamin D (D2 + D3),UG,1.2,,,,24,1.13,,,,,12/16/2019
1079,1079,1,"Milk, reduced fat, 2% milkfat","Milk, reduced fat, 2% milkfat",1106,7420,"Vitamin A, RAE","Vitamin A, RAE",UG,55,,,,0,83,,,,,12/16/2019
1079,1079,1,"Milk, reduced fat, 2% milkfat","Milk, reduced fat, 2% milkfat",1129,8400,"Tocotrienol, beta","Tocotrienol, beta",MG,0,0,0,0,12,0,0,0,0,6,12/16/2019
1079,1079,1,"Milk, reduced fat, 2% milkfat","Milk, reduced fat, 2% milkfat",1013,1900,Lactose,Lactose,G,5.01,4.11,5.69,0.062,13,4.89,4.56,5.55,4.78,12,12/16/2019
1079,1079,1,"Milk, reduced fat, 2% milkfat","Milk, reduced fat, 2% milkfat",1007,1000,Ash,Ash,G,0.71,0.31,0.85,0.035,13,0.75,0.48,1.1,0.7,24,12/16/2019
1079,1079,1,"Milk, reduced fat, 2% milkfat","Milk, reduced fat, 2% milkfat",1210,16300,Tryptophan,Tryptophan,G,0.042,,,,0,0.042,0.04,0.05,0.04,12,12/16/2019
1079,1079,1,"Milk, reduced fat, 2% milkfat","Milk, reduced fat, 2% milkfat",1166,6500,Riboflavin,Riboflavin,MG,0.185,0.17,0.21,0.003,13,0.137,0.125,0.172,0.132,12,12/16/2019
1079,1079,1,"Milk, reduced fat, 2% milkfat","Milk, reduced fat, 2% milkfat",1098,6000,"Copper, Cu","Copper, Cu",MG,0.006,0,0.015,0,30,0.001,0,0.006,0,12,12/16/2019
1079,1079,1,"Milk, reduced fat, 2% milkfat","Milk, reduced fat, 2% milkfat",1101,6100,"Manganese, Mn","Manganese, Mn",MG,0.014,0,0.037,0,30,0.001,0,0.003,0,12,12/16/2019
1079,1079,1,"Milk, reduced fat, 2% milkfat","Milk, reduced fat, 2% milkfat",1075,2100,Galactose,Galactose,G,0.02,0,0.11,0.008,13,0,0,0,0,12,12/16/2019
1079,1079,1,"Milk, reduced fat, 2% milkfat","Milk, reduced fat, 2% milkfat",1177,6900,"Folate, total","Folate, total",UG,5,4,5,0.149,12,2,0,7,0,12,12/16/2019
1079,1079,1,"Milk, reduced fat, 2% milkfat","Milk, reduced fat, 2% milkfat",1253,15700,Cholesterol,Cholesterol,MG,8,8,9,0.09,5,8,7,8,8,24,12/16/2019
1079,1079,1,"Milk, reduced fat, 2% milkfat","Milk, reduced fat, 2% milkfat",1223,17600,Aspartic acid,Aspartic acid,G,0.283,,,,0,0.291,0.26,0.32,0.295,12,12/16/2019
1079,1079,1,"Milk, reduced fat, 2% milkfat","Milk, reduced fat, 2% milkfat",1225,17800,Glycine,Glycine,G,0.065,,,,0,0.068,0.06,0.08,0.07,12,12/16/2019
1079,1079,1,"Milk, reduced fat, 2% milkfat","Milk, reduced fat, 2% milkfat",1128,8300,"Tocotrienol, alpha","Tocotrienol, alpha",MG,0,0,0,0,12,0,0,0,0,6,12/16/2019
1079,1079,1,"Milk, reduced fat, 2% milkfat","Milk, reduced fat, 2% milkfat",1093,5800,"Sodium, Na","Sodium, Na",MG,47,36,69,0.832,31,39,36,46,38,12,12/16/2019
1079,1079,1,"Milk, reduced fat, 2% milkfat","Milk, reduced fat, 2% milkfat",1212,16500,Isoleucine,Isoleucine,G,0.171,,,,0,0.173,0.16,0.2,0.175,12,12/16/2019
1079,1079,1,"Milk, reduced fat, 2% milkfat","Milk, reduced fat, 2% milkfat",1222,17500,Alanine,Alanine,G,0.112,,,,0,0.113,0.1,0.13,0.11,12,12/16/2019
1079,1079,1,"Milk, reduced fat, 2% milkfat","Milk, reduced fat, 2% milkfat",1103,6200,"Selenium, Se","Selenium, Se",UG,2.5,0,5.6,0.174,30,1.8,0,4.6,1.5,12,12/16/2019
1079,1079,1,"Milk, reduced fat, 2% milkfat","Milk, reduced fat, 2% milkfat",1213,16600,Leucine,Leucine,G,0.313,,,,0,0.335,0.31,0.37,0.335,12,12/16/2019
1079,1079,1,"Milk, reduced fat, 2% milkfat","Milk, reduced fat, 2% milkfat",1126,8100,"Tocopherol, gamma","Tocopherol, gamma",MG,0,0,0,0,12,0,0,0,0,6,12/16/2019
1079,1079,1,"Milk, reduced fat, 2% milkfat","Milk, reduced fat, 2% milkfat",1178,7300,Vitamin B-12,Vitamin B-12,UG,0.53,,,0.033,4,0.55,0.45,0.65,0.55,12,12/16/2019
1079,1079,1,"Milk, reduced fat, 2% milkfat","Milk, reduced fat, 2% milkfat",1003,600,Protein,Protein,G,3.3,3.18,3.61,0.033,13,3.36,3,3.7,3.32,,12/16/2019
1079,1079,1,"Milk, reduced fat, 2% milkfat","Milk, reduced fat, 2% milkfat",1063,1500,"Sugars, Total","Sugars, total",G,5.06,4.61,5.69,0.061,13,4.89,,,,,12/16/2019
1079,1079,1,"Milk, reduced fat, 2% milkfat","Milk, reduced fat, 2% milkfat",1109,7905,Vitamin E (alpha-tocopherol),Vitamin E (alpha-tocopherol),MG,0.03,0.02,0.05,0.003,12,0.03,0.02,0.03,0.03,6,12/16/2019
1079,1079,1,"Milk, reduced fat, 2% milkfat","Milk, reduced fat, 2% milkfat",1258,9700,"Fatty acids, total saturated","Fatty acids, total saturated",G,1.257,,,,0,1.11,0.96,1.25,1.12,12,12/16/2019
1079,1079,1,"Milk, reduced fat, 2% milkfat","Milk, reduced fat, 2% milkfat",1167,6600,Niacin,Niacin,MG,0.092,0.078,0.106,0.002,12,0.112,0.09,0.14,0.12,12,12/16/2019
1079,1079,1,"Milk, reduced fat, 2% milkfat","Milk, reduced fat, 2% milkfat",1180,7220,"Choline, total","Choline, total",MG,16.4,,,,0,18.2,17.4,19.6,18,6,12/16/2019
1079,1079,1,"Milk, reduced fat, 2% milkfat","Milk, reduced fat, 2% milkfat",1219,17200,Valine,Valine,G,0.216,,,,0,0.213,0.19,0.24,0.215,12,12/16/2019
1079,1079,1,"Milk, reduced fat, 2% milkfat","Milk, reduced fat, 2% milkfat",1110,8650,"Vitamin D (D2 + D3), International Units",Vitamin D,IU,49,0,64,2.615,24,45.2,,,,,12/16/2019
1079,1079,1,"Milk, reduced fat, 2% milkfat","Milk, reduced fat, 2% milkfat",1122,7530,Lycopene,Lycopene,UG,0,,,,0,0,0,0,0,6,12/16/2019
1079,1079,1,"Milk, reduced fat, 2% milkfat","Milk, reduced fat, 2% milkfat",1220,17300,Arginine,Arginine,G,0.094,,,,0,0.125,0.11,0.14,0.125,12,12/16/2019
1079,1079,1,"Milk, reduced fat, 2% milkfat","Milk, reduced fat, 2% milkfat",1226,17900,Proline,Proline,G,0.326,,,,0,0.332,0.26,0.37,0.345,12,12/16/2019
1079,1079,1,"Milk, reduced fat, 2% milkfat","Milk, reduced fat, 2% milkfat",1092,5700,"Potassium, K","Potassium, K",MG,140,103,172,2.114,31,159,149,178,156,12,12/16/2019
1079,1079,1,"Milk, reduced fat, 2% milkfat","Milk, reduced fat, 2% milkfat",1089,5400,"Iron, Fe","Iron, Fe",MG,0.02,,,0.002,4,0,0,0,0,12,12/16/2019
1079,1079,1,"Milk, reduced fat, 2% milkfat","Milk, reduced fat, 2% milkfat",1198,7290,Betaine,Betaine,MG,0.9,,,,2,0.7,0.5,0.9,0.8,6,12/16/2019
1079,1079,1,"Milk, reduced fat, 2% milkfat","Milk, reduced fat, 2% milkfat",1005,1110,"Carbohydrate, by difference","Carbohydrate, by difference",G,4.8,,,,0,4.9,,,,,12/16/2019
1079,1079,1,"Milk, reduced fat, 2% milkfat","Milk, reduced fat, 2% milkfat",1170,6700,Pantothenic acid,Pantothenic acid,MG,0.356,0.307,0.418,0.019,5,0.39,0.314,0.433,0.392,6,12/16/2019
1079,1079,1,"Milk, reduced fat, 2% milkfat","Milk, reduced fat, 2% milkfat",1131,8600,"Tocotrienol, delta","Tocotrienol, delta",MG,0,0,0,0,12,0,0,0,0,6,12/16/2019
1079,1079,1,"Milk, reduced fat, 2% milkfat","Milk, reduced fat, 2% milkfat",1011,1700,Glucose,Glucose (dextrose),G,0.01,0,0.1,0,13,0,0,0,0,12,12/16/2019
1079,1079,1,"Milk, reduced fat, 2% milkfat","Milk, reduced fat, 2% milkfat",1008,300,Energy,Energy,KCAL,50,,,,0,50,,,,,12/16/2019
1079,1079,1,"Milk, reduced fat, 2% milkfat","Milk, reduced fat, 2% milkfat",1051,100,Water,Water,G,89.21,87.9,92.08,0.193,17,89.1,88,90.7,89.1,24,12/16/2019
1079,1079,1,"Milk, reduced fat, 2% milkfat","Milk, reduced fat, 2% milkfat",1211,16400,Threonine,Threonine,G,0.141,,,,0,0.162,0.14,0.18,0.16,12,12/16/2019
1079,1079,1,"Milk, reduced fat, 2% milkfat","Milk, reduced fat, 2% milkfat",1127,8200,"Tocopherol, delta","Tocopherol, delta",MG,0,0,0,0,12,0,0,0,0,6,12/16/2019
1079,1079,1,"Milk, reduced fat, 2% milkfat","Milk, reduced fat, 2% milkfat",1217,17000,Phenylalanine,Phenylalanine,G,0.171,,,,0,0.163,0.15,0.19,0.16,12,12/16/2019
1079,1079,1,"Milk, reduced fat, 2% milkfat","Milk, reduced fat, 2% milkfat",1125,8000,"Tocopherol, beta","Tocopherol, beta",MG,0,0,0,0,12,0,0,0,0,6,12/16/2019
1079,1079,1,"Milk, reduced fat, 2% milkfat","Milk, reduced fat, 2% milkfat",1095,5900,"Zinc, Zn","Zinc, Zn",MG,0.48,0.3,0.84,0.015,29,0.43,0.36,0.48,0.43,12,12/16/2019
1079,1079,1,"Milk, reduced fat, 2% milkfat","Milk, reduced fat, 2% milkfat",1215,16800,Methionine,Methionine,G,0.087,,,,0,0.089,0.08,0.1,0.09,12,12/16/2019
1079,1079,1,"Milk, reduced fat, 2% milkfat","Milk, reduced fat, 2% milkfat",1214,16700,Lysine,Lysine,G,0.276,,,,0,0.293,0.26,0.32,0.295,12,12/16/2019
1079,1079,1,"Milk, reduced fat, 2% milkfat","Milk, reduced fat, 2% milkfat",1165,6400,Thiamin,Thiamin,MG,0.039,0,0.074,0.005,13,0.059,0.053,0.065,0.06,12,12/16/2019
1079,1079,1,"Milk, reduced fat, 2% milkfat","Milk, reduced fat, 2% milkfat",1090,5500,"Magnesium, Mg","Magnesium, Mg",MG,11,10,13,0.098,31,12,10.3,13.2,12.1,12,12/16/2019
1077,1077,1,"Milk, whole, 3.25% milkfat","Milk, whole, 3.25% milkfat",1007,1000,Ash,Ash,G,0.67,0.66,0.7,0.004,24,0.8,0.6,1.25,0.74,24,12/16/2019
1077,1077,1,"Milk, whole, 3.25% milkfat","Milk, whole, 3.25% milkfat",1093,5800,"Sodium, Na","Sodium, Na",MG,43,26,58,0.548,42,38,37,39,38,11,12/16/2019
1077,1077,1,"Milk, whole, 3.25% milkfat","Milk, whole, 3.25% milkfat",1130,8500,"Tocotrienol, gamma","Tocotrienol, gamma",MG,0,0,0,0,24,0,0,0,0,6,12/16/2019
1077,1077,1,"Milk, whole, 3.25% milkfat","Milk, whole, 3.25% milkfat",1180,7220,"Choline, total","Choline, total",MG,14.3,,,,0,17.8,16.5,19,17.8,6,12/16/2019
1077,1077,1,"Milk, whole, 3.25% milkfat","Milk, whole, 3.25% milkfat",1062,400,Energy,Energy,kJ,254,,,,0,251,,,,,12/16/2019
1077,1077,1,"Milk, whole, 3.25% milkfat","Milk, whole, 3.25% milkfat",1129,8400,"Tocotrienol, beta","Tocotrienol, beta",MG,0,0,0,0,24,0,0,0,0,6,12/16/2019
1077,1077,1,"Milk, whole, 3.25% milkfat","Milk, whole, 3.25% milkfat",1127,8200,"Tocopherol, delta","Tocopherol, delta",MG,0,0,0,0,24,0,0,0,0,6,12/16/2019
1077,1077,1,"Milk, whole, 3.25% milkfat","Milk, whole, 3.25% milkfat",1226,17900,Proline,Proline,G,0.311,,,,0,0.333,0.29,0.37,0.34,12,12/16/2019
1077,1077,1,"Milk, whole, 3.25% milkfat","Milk, whole, 3.25% milkfat",1125,8000,"Tocopherol, beta","Tocopherol, beta",MG,0,0,0,0,24,0,0,0,0,6,12/16/2019
1077,1077,1,"Milk, whole, 3.25% milkfat","Milk, whole, 3.25% milkfat",1090,5500,"Magnesium, Mg","Magnesium, Mg",MG,10,7,12,0.116,42,11.9,10.8,12.7,12,11,12/16/2019
1077,1077,1,"Milk, whole, 3.25% milkfat","Milk, whole, 3.25% milkfat",1218,17100,Tyrosine,Tyrosine,G,0.159,,,,0,0.162,0.14,0.18,0.16,12,12/16/2019
1077,1077,1,"Milk, whole, 3.25% milkfat","Milk, whole, 3.25% milkfat",1214,16700,Lysine,Lysine,G,0.264,,,,0,0.298,0.26,0.33,0.3,12,12/16/2019
1077,1077,1,"Milk, whole, 3.25% milkfat","Milk, whole, 3.25% milkfat",1198,7290,Betaine,Betaine,MG,0.6,,,,1,0.7,0.6,0.9,0.7,6,12/16/2019
1077,1077,1,"Milk, whole, 3.25% milkfat","Milk, whole, 3.25% milkfat",1091,5600,"Phosphorus, P","Phosphorus, P",MG,84,59,95,1.087,42,101,95,112,100,11,12/16/2019
1077,1077,1,"Milk, whole, 3.25% milkfat","Milk, whole, 3.25% milkfat",1223,17600,Aspartic acid,Aspartic acid,G,0.27,,,,0,0.279,0.23,0.32,0.275,12,12/16/2019
1077,1077,1,"Milk, whole, 3.25% milkfat","Milk, whole, 3.25% milkfat",1210,16300,Tryptophan,Tryptophan,G,0.04,,,,0,0.043,0.04,0.05,0.04,12,12/16/2019
1077,1077,1,"Milk, whole, 3.25% milkfat","Milk, whole, 3.25% milkfat",1224,17700,Glutamic acid,Glutamic acid,G,0.708,,,,0,0.788,0.66,0.89,0.77,12,12/16/2019
1077,1077,1,"Milk, whole, 3.25% milkfat","Milk, whole, 3.25% milkfat",1167,6600,Niacin,Niacin,MG,0.089,0.07,0.122,0.003,24,0.105,0.09,0.15,0.1,12,12/16/2019
1077,1077,1,"Milk, whole, 3.25% milkfat","Milk, whole, 3.25% milkfat",1293,12900,"Fatty acids, total polyunsaturated","Fatty acids, total polyunsaturated",G,0.195,,,,0,0.108,0.09,0.16,0.105,12,12/16/2019
1077,1077,1,"Milk, whole, 3.25% milkfat","Milk, whole, 3.25% milkfat",1211,16400,Threonine,Threonine,G,0.134,,,,0,0.154,0.13,0.17,0.15,12,12/16/2019
1077,1077,1,"Milk, whole, 3.25% milkfat","Milk, whole, 3.25% milkfat",1013,1900,Lactose,Lactose,G,5.05,4.85,5.57,0.052,24,4.81,4.42,5.37,4.82,12,12/16/2019
1077,1077,1,"Milk, whole, 3.25% milkfat","Milk, whole, 3.25% milkfat",1292,11400,"Fatty acids, total monounsaturated","Fatty acids, total monounsaturated",G,0.812,,,,0,0.688,0.56,0.81,0.68,12,12/16/2019
1077,1077,1,"Milk, whole, 3.25% milkfat","Milk, whole, 3.25% milkfat",1105,7430,Retinol,Retinol,UG,45,,,1.926,4,31,20,59,29,12,12/16/2019
1077,1077,1,"Milk, whole, 3.25% milkfat","Milk, whole, 3.25% milkfat",1092,5700,"Potassium, K","Potassium, K",MG,132,106,163,1.985,41,150,146,154,150,11,12/16/2019
1077,1077,1,"Milk, whole, 3.25% milkfat","Milk, whole, 3.25% milkfat",1253,15700,Cholesterol,Cholesterol,MG,10,6,13,0.549,12,12,10,12,12,24,12/16/2019
1077,1077,1,"Milk, whole, 3.25% milkfat","Milk, whole, 3.25% milkfat",1103,6200,"Selenium, Se","Selenium, Se",UG,3.7,0,8.8,0.185,29,1.9,0,4.3,3,11,12/16/2019
1077,1077,1,"Milk, whole, 3.25% milkfat","Milk, whole, 3.25% milkfat",1003,600,Protein,Protein,G,3.15,3.07,3.31,0.029,27,3.27,2.93,3.51,3.25,,12/16/2019
1077,1077,1,"Milk, whole, 3.25% milkfat","Milk, whole, 3.25% milkfat",1087,5300,"Calcium, Ca","Calcium, Ca",MG,113,112,116,1.76,16,123,116,130,122,11,12/16/2019
1077,1077,1,"Milk, whole, 3.25% milkfat","Milk, whole, 3.25% milkfat",1008,300,Energy,Energy,KCAL,61,,,,0,60,,,,,12/16/2019
1077,1077,1,"Milk, whole, 3.25% milkfat","Milk, whole, 3.25% milkfat",1166,6500,Riboflavin,Riboflavin,MG,0.169,0.156,0.196,0.001,23,0.138,0.118,0.178,0.136,12,12/16/2019
1077,1077,1,"Milk, whole, 3.25% milkfat","Milk, whole, 3.25% milkfat",1075,2100,Galactose,Galactose,G,0,0,0,0,12,0,0,0,0,12,12/16/2019
1077,1077,1,"Milk, whole, 3.25% milkfat","Milk, whole, 3.25% milkfat",1165,6400,Thiamin,Thiamin,MG,0.046,0.042,0.048,0.001,24,0.056,0.035,0.074,0.055,12,12/16/2019
1077,1077,1,"Milk, whole, 3.25% milkfat","Milk, whole, 3.25% milkfat",1012,1800,Fructose,Fructose,G,0,0,0,0,24,0,0,0,0,12,12/16/2019
1077,1077,1,"Milk, whole, 3.25% milkfat","Milk, whole, 3.25% milkfat",1222,17500,Alanine,Alanine,G,0.107,,,,0,0.11,0.09,0.13,0.11,12,12/16/2019
1077,1077,1,"Milk, whole, 3.25% milkfat","Milk, whole, 3.25% milkfat",1221,17400,Histidine,Histidine,G,0.095,,,,0,0.097,0.09,0.11,0.1,12,12/16/2019
1077,1077,1,"Milk, whole, 3.25% milkfat","Milk, whole, 3.25% milkfat",1217,17000,Phenylalanine,Phenylalanine,G,0.163,,,,0,0.161,0.14,0.18,0.16,12,12/16/2019
1077,1077,1,"Milk, whole, 3.25% milkfat","Milk, whole, 3.25% milkfat",1110,8650,"Vitamin D (D2 + D3), International Units",Vitamin D,IU,51,8,82,3.297,24,38.4,,,,,12/16/2019
1077,1077,1,"Milk, whole, 3.25% milkfat","Milk, whole, 3.25% milkfat",1114,8700,Vitamin D (D2 + D3),Vitamin D (D2 + D3),UG,1.3,,,,24,0.96,,,,,12/16/2019
1077,1077,1,"Milk, whole, 3.25% milkfat","Milk, whole, 3.25% milkfat",1213,16600,Leucine,Leucine,G,0.299,,,,0,0.333,0.29,0.38,0.33,12,12/16/2019
1077,1077,1,"Milk, whole, 3.25% milkfat","Milk, whole, 3.25% milkfat",1098,6000,"Copper, Cu","Copper, Cu",MG,0.025,0,0.081,0.001,42,0.001,0,0.006,0,11,12/16/2019
1077,1077,1,"Milk, whole, 3.25% milkfat","Milk, whole, 3.25% milkfat",1014,2000,Maltose,Maltose,G,0,0,0,0,24,0,0,0,0,12,12/16/2019
1077,1077,1,"Milk, whole, 3.25% milkfat","Milk, whole, 3.25% milkfat",1170,6700,Pantothenic acid,Pantothenic acid,MG,0.373,0.357,0.384,0.003,8,0.362,0.338,0.414,0.348,6,12/16/2019
1077,1077,1,"Milk, whole, 3.25% milkfat","Milk, whole, 3.25% milkfat",1089,5400,"Iron, Fe","Iron, Fe",MG,0.03,0,0.07,0.002,46,0,0,0,0,11,12/16/2019
1077,1077,1,"Milk, whole, 3.25% milkfat","Milk, whole, 3.25% milkfat",1107,7440,"Carotene, beta","Carotene, beta",UG,7,2,9,0.618,10,7,5,10,6,6,12/16/2019
1077,1077,1,"Milk, whole, 3.25% milkfat","Milk, whole, 3.25% milkfat",1225,17800,Glycine,Glycine,G,0.062,,,,0,0.069,0.06,0.08,0.07,12,12/16/2019
1077,1077,1,"Milk, whole, 3.25% milkfat","Milk, whole, 3.25% milkfat",1063,1500,"Sugars, Total","Sugars, total",G,5.05,,,,0,4.81,,,,,12/16/2019
1077,1077,1,"Milk, whole, 3.25% milkfat","Milk, whole, 3.25% milkfat",1178,7300,Vitamin B-12,Vitamin B-12,UG,0.45,0.27,0.53,0.021,14,0.54,0.46,0.59,0.56,12,12/16/2019
1077,1077,1,"Milk, whole, 3.25% milkfat","Milk, whole, 3.25% milkfat",1101,6100,"Manganese, Mn","Manganese, Mn",MG,0.004,0,0.008,0,41,0,0,0,0,11,12/16/2019
1077,1077,1,"Milk, whole, 3.25% milkfat","Milk, whole, 3.25% milkfat",1095,5900,"Zinc, Zn","Zinc, Zn",MG,0.37,0.25,0.47,0.007,42,0.42,0.36,0.43,0.42,11,12/16/2019
1077,1077,1,"Milk, whole, 3.25% milkfat","Milk, whole, 3.25% milkfat",1112,8720,Vitamin D3 (cholecalciferol),Vitamin D3 (cholecalciferol),UG,1.3,0.2,2,0.082,24,0.96,0,1.38,1.1,24,12/16/2019
1077,1077,1,"Milk, whole, 3.25% milkfat","Milk, whole, 3.25% milkfat",1131,8600,"Tocotrienol, delta","Tocotrienol, delta",MG,0,0,0,0,24,0,0,0,0,6,12/16/2019
1077,1077,1,"Milk, whole, 3.25% milkfat","Milk, whole, 3.25% milkfat",1051,100,Water,Water,G,88.13,87.69,89.2,0.05,28,88.1,87.4,89.2,87.9,24,12/16/2019
1077,1077,1,"Milk, whole, 3.25% milkfat","Milk, whole, 3.25% milkfat",1212,16500,Isoleucine,Isoleucine,G,0.163,,,,0,0.173,0.14,0.19,0.17,12,12/16/2019
1077,1077,1,"Milk, whole, 3.25% milkfat","Milk, whole, 3.25% milkfat",1128,8300,"Tocotrienol, alpha","Tocotrienol, alpha",MG,0,0,0,0.001,24,0,0,0,0,6,12/16/2019
1077,1077,1,"Milk, whole, 3.25% milkfat","Milk, whole, 3.25% milkfat",1219,17200,Valine,Valine,G,0.206,,,,0,0.207,0.17,0.23,0.21,12,12/16/2019
1077,1077,1,"Milk, whole, 3.25% milkfat","Milk, whole, 3.25% milkfat",1215,16800,Methionine,Methionine,G,0.083,,,,0,0.09,0.08,0.1,0.09,12,12/16/2019
1077,1077,1,"Milk, whole, 3.25% milkfat","Milk, whole, 3.25% milkfat",1177,6900,"Folate, total","Folate, total",UG,5,,,0.534,8,0,0,0,0,12,12/16/2019
1077,1077,1,"Milk, whole, 3.25% milkfat","Milk, whole, 3.25% milkfat",1011,1700,Glucose,Glucose (dextrose),G,0,0,0,0,24,0,0,0,0,12,12/16/2019
1077,1077,1,"Milk, whole, 3.25% milkfat","Milk, whole, 3.25% milkfat",1005,1110,"Carbohydrate, by difference","Carbohydrate, by difference",G,4.8,,,,0,4.63,,,,,12/16/2019
1077,1077,1,"Milk, whole, 3.25% milkfat","Milk, whole, 3.25% milkfat",1175,6800,Vitamin B-6,Vitamin B-6,MG,0.036,0.034,0.039,0,24,0.061,0.053,0.076,0.06,12,12/16/2019
1077,1077,1,"Milk, whole, 3.25% milkfat","Milk, whole, 3.25% milkfat",1122,7530,Lycopene,Lycopene,UG,0,0,0,0,6,0,0,0,0,6,12/16/2019
1077,1077,1,"Milk, whole, 3.25% milkfat","Milk, whole, 3.25% milkfat",1010,1600,Sucrose,Sucrose,G,0,0,0,0,24,0,0,0,0,12,12/16/2019
1077,1077,1,"Milk, whole, 3.25% milkfat","Milk, whole, 3.25% milkfat",1126,8100,"Tocopherol, gamma","Tocopherol, gamma",MG,0,0,0.01,0.001,24,0,0,0,0,6,12/16/2019
1077,1077,1,"Milk, whole, 3.25% milkfat","Milk, whole, 3.25% milkfat",1220,17300,Arginine,Arginine,G,0.09,,,,0,0.127,0.11,0.14,0.13,12,12/16/2019
1077,1077,1,"Milk, whole, 3.25% milkfat","Milk, whole, 3.25% milkfat",1004,800,Total lipid (fat),Total lipid (fat),G,3.25,,,,0,3.2,2.59,3.41,3.21,24,12/16/2019
1077,1077,1,"Milk, whole, 3.25% milkfat","Milk, whole, 3.25% milkfat",1109,7905,Vitamin E (alpha-tocopherol),Vitamin E (alpha-tocopherol),MG,0.07,0.03,0.08,0.003,24,0.05,0.04,0.05,0.05,6,12/16/2019
1077,1077,1,"Milk, whole, 3.25% milkfat","Milk, whole, 3.25% milkfat",1258,9700,"Fatty acids, total saturated","Fatty acids, total saturated",G,1.865,,,,0,1.86,1.52,1.95,1.9,12,12/16/2019
1077,1077,1,"Milk, whole, 3.25% milkfat","Milk, whole, 3.25% milkfat",1227,18000,Serine,Serine,G,0.19,,,,0,0.188,0.16,0.21,0.185,12,12/16/2019
1077,1077,1,"Milk, whole, 3.25% milkfat","Milk, whole, 3.25% milkfat",1106,7420,"Vitamin A, RAE","Vitamin A, RAE",UG,46,,,,0,32,,,,,12/16/2019
16222,16222,16,"Soy milk, unsweetened","Soymilk (all flavors), unsweetened, with added calcium, vitamins A and D",1063,1500,"Sugars, Total","Sugars, total",G,0.41,0.41,0.82,0.165,6,0.5569,,,,,10/28/2021
16222,16222,16,"Soy milk, unsweetened","Soymilk (all flavors), unsweetened, with added calcium, vitamins A and D",1110,8650,"Vitamin D (D2 + D3), International Units",Vitamin D,IU,49,41,49,3.294,6,27.2,,,,,10/28/2021
16222,16222,16,"Soy milk, unsweetened","Soymilk (all flavors), unsweetened, with added calcium, vitamins A and D",1114,8700,Vitamin D (D2 + D3),Vitamin D (D2 + D3),UG,1.2,1,1.2,0.082,6,0.681,,,,,10/28/2021
16222,16222,16,"Soy milk, unsweetened","Soymilk (all flavors), unsweetened, with added calcium, vitamins A and D",1005,1110,"Carbohydrate, by difference","Carbohydrate, by difference",G,1.74,,,,0,1.293125,,,,,10/28/2021
16222,16222,16,"Soy milk, unsweetened","Soymilk (all flavors), unsweetened, with added calcium, vitamins A and D",1003,600,Protein,Protein,G,2.86,2.67,3.29,0.202,6,3.546875,3,4.6875,3.46875,,10/28/2021
16222,16222,16,"Soy milk, unsweetened","Soymilk (all flavors), unsweetened, with added calcium, vitamins A and D",1051,100,Water,Water,G,93.14,,,,0,92.4,90.3,93.56,92.62,8,10/28/2021
16222,16222,16,"Soy milk, unsweetened","Soymilk (all flavors), unsweetened, with added calcium, vitamins A and D",1292,11400,"Fatty acids, total monounsaturated","Fatty acids, total monounsaturated",G,0.392,0.206,0.412,0.108,4,0.4163,0.35,0.51,0.4,8,10/28/2021
16222,16222,16,"Soy milk, unsweetened","Soymilk (all flavors), unsweetened, with added calcium, vitamins A and D",1004,800,Total lipid (fat),Total lipid (fat),G,1.61,1.23,1.85,0.21,6,2.125,1.86,2.695,2.115,8,10/28/2021
16222,16222,16,"Soy milk, unsweetened","Soymilk (all flavors), unsweetened, with added calcium, vitamins A and D",1007,1000,Ash,Ash,G,0.64,,,,0,0.635,0.46,0.81,0.62,8,10/28/2021
16222,16222,16,"Soy milk, unsweetened","Soymilk (all flavors), unsweetened, with added calcium, vitamins A and D",1166,6500,Riboflavin,Riboflavin,MG,0.207,0.177,0.21,0.015,5,0.084,0,0.275,0,10,10/28/2021
16222,16222,16,"Soy milk, unsweetened","Soymilk (all flavors), unsweetened, with added calcium, vitamins A and D",1098,6000,"Copper, Cu","Copper, Cu",MG,0.082,,,,1,0.1078,0.0931,0.1463,0.101,13,10/28/2021
16222,16222,16,"Soy milk, unsweetened","Soymilk (all flavors), unsweetened, with added calcium, vitamins A and D",1087,5300,"Calcium, Ca","Calcium, Ca",MG,124,82,165,26.04,6,101,11.2,160,123,13,10/28/2021
16222,16222,16,"Soy milk, unsweetened","Soymilk (all flavors), unsweetened, with added calcium, vitamins A and D",1091,5600,"Phosphorus, P","Phosphorus, P",MG,32,25,103,37.382,4,68.65,39.3,96.7,60.53,13,10/28/2021
16222,16222,16,"Soy milk, unsweetened","Soymilk (all flavors), unsweetened, with added calcium, vitamins A and D",1079,1200,"Fiber, total dietary","Fiber, total dietary",G,0.5,0,1.2,0.476,5,0,0,0,0,8,10/28/2021
16222,16222,16,"Soy milk, unsweetened","Soymilk (all flavors), unsweetened, with added calcium, vitamins A and D",1111,8710,Vitamin D2 (ergocalciferol),Vitamin D2 (ergocalciferol),UG,1.2,1,1.2,0.082,6,0.6814,0,1.77,0.675,13,10/28/2021
16222,16222,16,"Soy milk, unsweetened","Soymilk (all flavors), unsweetened, with added calcium, vitamins A and D",1167,6600,Niacin,Niacin,MG,0.165,,,,1,0.2356,0.135,0.32,0.23,8,10/28/2021
16222,16222,16,"Soy milk, unsweetened","Soymilk (all flavors), unsweetened, with added calcium, vitamins A and D",1092,5700,"Potassium, K","Potassium, K",MG,120,86,123,16.592,6,158.2,122,200,154.5,13,10/28/2021
16222,16222,16,"Soy milk, unsweetened","Soymilk (all flavors), unsweetened, with added calcium, vitamins A and D",1293,12900,"Fatty acids, total polyunsaturated","Fatty acids, total polyunsaturated",G,1.009,0.823,1.029,0.108,4,1.154,0.94,1.63,1.13,8,10/28/2021
16222,16222,16,"Soy milk, unsweetened","Soymilk (all flavors), unsweetened, with added calcium, vitamins A and D",1258,9700,"Fatty acids, total saturated","Fatty acids, total saturated",G,0.206,0.206,0.206,0,6,0.3138,0.26,0.45,0.305,8,10/28/2021
16222,16222,16,"Soy milk, unsweetened","Soymilk (all flavors), unsweetened, with added calcium, vitamins A and D",1257,15400,"Fatty acids, total trans","Fatty acids, total trans",G,0,0,0,0,6,0,0,0,0,8,10/28/2021
16222,16222,16,"Soy milk, unsweetened","Soymilk (all flavors), unsweetened, with added calcium, vitamins A and D",1178,7300,Vitamin B-12,Vitamin B-12,UG,1.11,0,1.23,0.605,6,0.3931,0,1.278,0,10,10/28/2021
16222,16222,16,"Soy milk, unsweetened","Soymilk (all flavors), unsweetened, with added calcium, vitamins A and D",1089,5400,"Iron, Fe","Iron, Fe",MG,0.46,0.44,1.11,0.284,5,0.5416,0.431,0.6913,0.55,13,10/28/2021
16222,16222,16,"Soy milk, unsweetened","Soymilk (all flavors), unsweetened, with added calcium, vitamins A and D",1093,5800,"Sodium, Na","Sodium, Na",MG,37,29,53,9.864,6,34.28,0.5783,58.5,31.9,13,10/28/2021
16222,16222,16,"Soy milk, unsweetened","Soymilk (all flavors), unsweetened, with added calcium, vitamins A and D",1175,6800,Vitamin B-6,Vitamin B-6,MG,0.049,,,,1,0.05525,0.03,0.075,0.054,8,10/28/2021
16222,16222,16,"Soy milk, unsweetened","Soymilk (all flavors), unsweetened, with added calcium, vitamins A and D",1090,5500,"Magnesium, Mg","Magnesium, Mg",MG,16,16,16,0,4,21.54,18.6,29.23,20.7,13,10/28/2021
16222,16222,16,"Soy milk, unsweetened","Soymilk (all flavors), unsweetened, with added calcium, vitamins A and D",1165,6400,Thiamin,Thiamin,MG,0.154,,,,1,0.06319,0.04,0.087,0.062,8,10/28/2021
14091,14091,14,"Almond milk, unsweetened","Beverages, almond milk, unsweetened, shelf stable",1063,1500,"Sugars, Total","Sugars, total",G,0,0,0,,2,0,,,,,10/28/2021
14091,14091,14,"Almond milk, unsweetened","Beverages, almond milk, unsweetened, shelf stable",1110,8650,"Vitamin D (D2 + D3), International Units",Vitamin D,IU,42,,,,0,37.1,,,,,10/28/2021
14091,14091,14,"Almond milk, unsweetened","Beverages, almond milk, unsweetened, shelf stable",1114,8700,Vitamin D (D2 + D3),Vitamin D (D2 + D3),UG,1,,,,0,0.927,,,,,10/28/2021
14091,14091,14,"Almond milk, unsweetened","Beverages, almond milk, unsweetened, shelf stable",1106,7420,"Vitamin A, RAE","Vitamin A, RAE",UG,43,,,,0,41.4,,,,,10/28/2021
14091,14091,14,"Almond milk, unsweetened","Beverages, almond milk, unsweetened, shelf stable",1005,1110,"Carbohydrate, by difference","Carbohydrate, by difference",G,0.58,,,,0,0.3371125,,,,,10/28/2021
14091,14091,14,"Almond milk, unsweetened","Beverages, almond milk, unsweetened, shelf stable",1003,600,Protein,Protein,G,0.59,0.57,0.63,0.013,4,0.5546875,0.4375,0.6875,0.53125,,10/28/2021
14091,14091,14,"Almond milk, unsweetened","Beverages, almond milk, unsweetened, shelf stable",1007,1000,Ash,Ash,G,0.68,0.64,0.77,0.03,4,0.4872,0.22,0.705,0.57,9,10/28/2021
14091,14091,14,"Almond milk, unsweetened","Beverages, almond milk, unsweetened, shelf stable",1011,1700,Glucose,Glucose (dextrose),G,0,0,0,,2,0,0,0,0,8,10/28/2021
14091,14091,14,"Almond milk, unsweetened","Beverages, almond milk, unsweetened, shelf stable",1010,1600,Sucrose,Sucrose,G,0,0,0,,2,0,0,0,0,8,10/28/2021
14091,14091,14,"Almond milk, unsweetened","Beverages, almond milk, unsweetened, shelf stable",1004,800,Total lipid (fat),Total lipid (fat),G,1.1,1.1,1.1,0,4,1.221,1.03,1.6,1.155,8,10/28/2021
14091,14091,14,"Almond milk, unsweetened","Beverages, almond milk, unsweetened, shelf stable",1013,1900,Lactose,Lactose,G,0,0,0,,2,0,0,0,0,8,10/28/2021
14091,14091,14,"Almond milk, unsweetened","Beverages, almond milk, unsweetened, shelf stable",1014,2000,Maltose,Maltose,G,0,0,0,,2,0,0,0,0,8,10/28/2021
14091,14091,14,"Almond milk, unsweetened","Beverages, almond milk, unsweetened, shelf stable",1263,10300,SFA 12:0,12:00,G,0,,,,0,0,0,0,0,8,10/28/2021
14091,14091,14,"Almond milk, unsweetened","Beverages, almond milk, unsweetened, shelf stable",1265,10700,SFA 16:0,16:00,G,0,,,,0,0.07781,0.067,0.093,0.079,8,10/28/2021
14091,14091,14,"Almond milk, unsweetened","Beverages, almond milk, unsweetened, shelf stable",1264,10500,SFA 14:0,14:00,G,0,,,,0,0.002375,0.002,0.004,0.002,8,10/28/2021
14091,14091,14,"Almond milk, unsweetened","Beverages, almond milk, unsweetened, shelf stable",1012,1800,Fructose,Fructose,G,0,0,0,,2,0,0,0,0,8,10/28/2021
14091,14091,14,"Almond milk, unsweetened","Beverages, almond milk, unsweetened, shelf stable",1262,10100,SFA 10:0,10:00,G,0,,,,0,0,0,0,0,8,10/28/2021
14091,14091,14,"Almond milk, unsweetened","Beverages, almond milk, unsweetened, shelf stable",1266,10900,SFA 18:0,18:00,G,0,,,,0,0.0195,0.015,0.028,0.017,8,10/28/2021
14091,14091,14,"Almond milk, unsweetened","Beverages, almond milk, unsweetened, shelf stable",1292,11400,"Fatty acids, total monounsaturated","Fatty acids, total monounsaturated",G,0.708,,,,0,0.7288,0.64,0.88,0.685,8,10/28/2021
14091,14091,14,"Almond milk, unsweetened","Beverages, almond milk, unsweetened, shelf stable",1090,5500,"Magnesium, Mg","Magnesium, Mg",MG,7,6,7,0.186,4,6.785,5.087,7.77,6.857,14,10/28/2021
14091,14091,14,"Almond milk, unsweetened","Beverages, almond milk, unsweetened, shelf stable",1293,12900,"Fatty acids, total polyunsaturated","Fatty acids, total polyunsaturated",G,0.236,,,,0,0.2763,0.23,0.35,0.265,8,10/28/2021
14091,14091,14,"Almond milk, unsweetened","Beverages, almond milk, unsweetened, shelf stable",1092,5700,"Potassium, K","Potassium, K",MG,67,66,69,0.766,4,30.79,12.1,74,17.22,14,10/28/2021
14091,14091,14,"Almond milk, unsweetened","Beverages, almond milk, unsweetened, shelf stable",1098,6000,"Copper, Cu","Copper, Cu",MG,0.029,0.019,0.053,0.008,4,0.02126,0.0134,0.0297,0.02155,14,10/28/2021
14091,14091,14,"Almond milk, unsweetened","Beverages, almond milk, unsweetened, shelf stable",1109,7905,Vitamin E (alpha-tocopherol),Vitamin E (alpha-tocopherol),MG,2.81,,,,0,3.323,0,8.226,3.286,14,10/28/2021
14091,14091,14,"Almond milk, unsweetened","Beverages, almond milk, unsweetened, shelf stable",1165,6400,Thiamin,Thiamin,MG,0.06,0.06,0.06,,2,0,0,0,0,8,10/28/2021
14091,14091,14,"Almond milk, unsweetened","Beverages, almond milk, unsweetened, shelf stable",1177,6900,"Folate, total","Folate, total",UG,1,1,1,,2,0,0,0,0,8,10/28/2021
14091,14091,14,"Almond milk, unsweetened","Beverages, almond milk, unsweetened, shelf stable",1095,5900,"Zinc, Zn","Zinc, Zn",MG,0.07,0.03,0.11,0.018,4,0.1718,0.05,0.851,0.07145,14,10/28/2021
14091,14091,14,"Almond milk, unsweetened","Beverages, almond milk, unsweetened, shelf stable",1075,2100,Galactose,Galactose,G,0,0,0,,2,0,0,0,0,8,10/28/2021
14091,14091,14,"Almond milk, unsweetened","Beverages, almond milk, unsweetened, shelf stable",1087,5300,"Calcium, Ca","Calcium, Ca",MG,197,181,208,5.809,4,172.7,7.477,289,205,14,10/28/2021
14091,14091,14,"Almond milk, unsweetened","Beverages, almond milk, unsweetened, shelf stable",1258,9700,"Fatty acids, total saturated","Fatty acids, total saturated",G,0,,,,0,0.1038,0.09,0.12,0.105,8,10/28/2021
14091,14091,14,"Almond milk, unsweetened","Beverages, almond milk, unsweetened, shelf stable",1112,8720,Vitamin D3 (cholecalciferol),Vitamin D3 (cholecalciferol),UG,1,,,,0,0,0,0,0,2,10/28/2021
14091,14091,14,"Almond milk, unsweetened","Beverages, almond milk, unsweetened, shelf stable",1079,1200,"Fiber, total dietary","Fiber, total dietary",G,0,0,0,,2,0,0,0,0,8,10/28/2021
14091,14091,14,"Almond milk, unsweetened","Beverages, almond milk, unsweetened, shelf stable",1178,7300,Vitamin B-12,Vitamin B-12,UG,0,,,,1,0.3375,0,1.216,0,10,10/28/2021
14091,14091,14,"Almond milk, unsweetened","Beverages, almond milk, unsweetened, shelf stable",1093,5800,"Sodium, Na","Sodium, Na",MG,71,70,72,0.533,4,59.58,44.1,77.4,57.39,14,10/28/2021
14091,14091,14,"Almond milk, unsweetened","Beverages, almond milk, unsweetened, shelf stable",1103,6200,"Selenium, Se","Selenium, Se",UG,0.2,,,,1,0,0,0,0,8,10/28/2021
14091,14091,14,"Almond milk, unsweetened","Beverages, almond milk, unsweetened, shelf stable",1091,5600,"Phosphorus, P","Phosphorus, P",MG,10,10,11,0.167,4,29.85,9.27,111.5,13.35,14,10/28/2021
14091,14091,14,"Almond milk, unsweetened","Beverages, almond milk, unsweetened, shelf stable",1105,7430,Retinol,Retinol,UG,43,,,,1,41.42,0,84.04,43.58,13,10/28/2021
14091,14091,14,"Almond milk, unsweetened","Beverages, almond milk, unsweetened, shelf stable",1175,6800,Vitamin B-6,Vitamin B-6,MG,0.015,,,,1,0,0,0,0,8,10/28/2021
14091,14091,14,"Almond milk, unsweetened","Beverages, almond milk, unsweetened, shelf stable",1089,5400,"Iron, Fe","Iron, Fe",MG,0.35,0.34,0.37,0.006,4,0.2899,0.0688,0.46,0.3275,14,10/28/2021
14091,14091,14,"Almond milk, unsweetened","Beverages, almond milk, unsweetened, shelf stable",1101,6100,"Manganese, Mn","Manganese, Mn",MG,0.042,0.038,0.046,0.002,4,0.04497,0.0313,0.0795,0.0413,14,10/28/2021
14091,14091,14,"Almond milk, unsweetened","Beverages, almond milk, unsweetened, shelf stable",1167,6600,Niacin,Niacin,MG,0.075,0.07,0.08,,2,0.07438,0.06,0.1,0.0725,8,10/28/2021
14091,14091,14,"Almond milk, unsweetened","Beverages, almond milk, unsweetened, shelf stable",1166,6500,Riboflavin,Riboflavin,MG,0.047,0.015,0.08,,2,0.03339,0,0.159,0,9,10/28/2021
14091,14091,14,"Almond milk, unsweetened","Beverages, almond milk, unsweetened, shelf stable",1051,100,Water,Water,G,97.05,97,97.1,0.029,4,97.4,97.11,97.64,97.4,8,10/28/2021