FF_NDB,SR_NDB,food_category_id,FF Food description,SR Food description,Nutrient_id,rank,FF_Component,SR_Component,unit_name,SR Mean per 100g,SR Min,SR Max, Std_Error,SR Num_Data_pts,FF Mean per 100g,FF Min,FF Max,FF Median,FF data_points,FF Publication Date
9148,9148,9,"Kiwifruit, green, raw","Kiwifruit, green, raw",1051,100,Water,Water,G,83.07,80,85.11,0.989,20,83.9,82.6,85.1,84,8,4/1/2019
9148,9148,9,"Kiwifruit, green, raw","Kiwifruit, green, raw",1126,8100,"Tocopherol, gamma","Tocopherol, gamma",MG,0.03,0.02,0.04,0.005,4,0.03,0.02,0.04,0.02,4,4/1/2019
9148,9148,9,"Kiwifruit, green, raw","Kiwifruit, green, raw",1128,8300,"Tocotrienol, alpha","Tocotrienol, alpha",MG,0,0,0,0,4,0,0,0,0,4,4/1/2019
9148,9148,9,"Kiwifruit, green, raw","Kiwifruit, green, raw",1075,2100,Galactose,Galactose,G,0.17,0,0.82,0.089,8,0.17,0,0.82,0.04,8,4/1/2019
9148,9148,9,"Kiwifruit, green, raw","Kiwifruit, green, raw",1211,16400,Threonine,Threonine,G,0.047,,,,0,0.043,0.037,0.05,0.042,4,4/1/2019
9148,9148,9,"Kiwifruit, green, raw","Kiwifruit, green, raw",1095,5900,"Zinc, Zn","Zinc, Zn",MG,0.14,0.09,0.2,0.01,21,0.14,0.11,0.2,0.12,6,4/1/2019
9148,9148,9,"Kiwifruit, green, raw","Kiwifruit, green, raw",1007,1000,Ash,Ash,G,0.61,0.4,0.72,0.044,20,0.63,0.46,0.72,0.66,8,4/1/2019
9148,9148,9,"Kiwifruit, green, raw","Kiwifruit, green, raw",1010,1600,Sucrose,Sucrose,G,0.15,0.07,0.33,0.021,8,0.15,0.07,0.33,0.07,6,4/1/2019
9148,9148,9,"Kiwifruit, green, raw","Kiwifruit, green, raw",1093,5800,"Sodium, Na","Sodium, Na",MG,3,0,4,0.713,18,5,2,8,5,6,4/1/2019
9148,9148,9,"Kiwifruit, green, raw","Kiwifruit, green, raw",1005,1110,"Carbohydrate, by difference","Carbohydrate, by difference",G,14.66,,,,0,14,,,,,4/1/2019
9148,9148,9,"Kiwifruit, green, raw","Kiwifruit, green, raw",1092,5700,"Potassium, K","Potassium, K",MG,312,286,358,6.598,16,198,105,314,130,7,4/1/2019
9148,9148,9,"Kiwifruit, green, raw","Kiwifruit, green, raw",1224,17700,Glutamic acid,Glutamic acid,G,0.184,,,,0,0.165,0.158,0.182,0.16,4,4/1/2019
9148,9148,9,"Kiwifruit, green, raw","Kiwifruit, green, raw",1170,6700,Pantothenic acid,Pantothenic acid,MG,0.183,0.131,0.28,0.025,18,0.206,0.131,0.28,0.215,6,4/1/2019
9148,9148,9,"Kiwifruit, green, raw","Kiwifruit, green, raw",1216,16900,Cystine,Cystine,G,0.031,,,,0,0.028,0.024,0.032,0.028,4,4/1/2019
9148,9148,9,"Kiwifruit, green, raw","Kiwifruit, green, raw",1103,6200,"Selenium, Se","Selenium, Se",UG,0.2,0.1,0.3,0.04,5,0.2,0.1,0.3,0.3,5,4/1/2019
9148,9148,9,"Kiwifruit, green, raw","Kiwifruit, green, raw",1011,1700,Glucose,Glucose (dextrose),G,4.11,3.8,4.55,0.055,8,4.11,3.8,4.54,3.99,8,4/1/2019
9148,9148,9,"Kiwifruit, green, raw","Kiwifruit, green, raw",1175,6800,Vitamin B-6,Vitamin B-6,MG,0.063,0.055,0.08,0.002,18,0.061,0.057,0.063,0.061,6,4/1/2019
9148,9148,9,"Kiwifruit, green, raw","Kiwifruit, green, raw",1122,7530,Lycopene,Lycopene,UG,0,0,0,0,6,0,0,0,0,6,4/1/2019
9148,9148,9,"Kiwifruit, green, raw","Kiwifruit, green, raw",1013,1900,Lactose,Lactose,G,0,0,0,0,7,0.02,0,0.12,0,8,4/1/2019
9148,9148,9,"Kiwifruit, green, raw","Kiwifruit, green, raw",1062,400,Energy,Energy,kJ,255,,,,0,241,,,,,4/1/2019
9148,9148,9,"Kiwifruit, green, raw","Kiwifruit, green, raw",1130,8500,"Tocotrienol, gamma","Tocotrienol, gamma",MG,0.1,0.07,0.14,0.014,4,0.1,0.07,0.14,0.1,4,4/1/2019
9148,9148,9,"Kiwifruit, green, raw","Kiwifruit, green, raw",1177,6900,"Folate, total","Folate, total",UG,25,20,35,2.021,17,26,20,32,25,5,4/1/2019
9148,9148,9,"Kiwifruit, green, raw","Kiwifruit, green, raw",1125,8000,"Tocopherol, beta","Tocopherol, beta",MG,0,0,0,0,4,0,0,0,0,4,4/1/2019
9148,9148,9,"Kiwifruit, green, raw","Kiwifruit, green, raw",1217,17000,Phenylalanine,Phenylalanine,G,0.044,,,,0,0.039,0.038,0.042,0.038,4,4/1/2019
9148,9148,9,"Kiwifruit, green, raw","Kiwifruit, green, raw",1101,6100,"Manganese, Mn","Manganese, Mn",MG,0.098,0.069,0.16,0.011,17,0.064,0.037,0.11,0.053,8,4/1/2019
9148,9148,9,"Kiwifruit, green, raw","Kiwifruit, green, raw",1220,17300,Arginine,Arginine,G,0.081,,,,0,0.073,0.065,0.082,0.072,4,4/1/2019
9148,9148,9,"Kiwifruit, green, raw","Kiwifruit, green, raw",1225,17800,Glycine,Glycine,G,0.06,,,,0,0.054,0.049,0.059,0.054,4,4/1/2019
9148,9148,9,"Kiwifruit, green, raw","Kiwifruit, green, raw",1106,7420,"Vitamin A, RAE","Vitamin A, RAE",UG,4,3,6,0.236,18,4,,,,,4/1/2019
9148,9148,9,"Kiwifruit, green, raw","Kiwifruit, green, raw",1213,16600,Leucine,Leucine,G,0.066,,,,0,0.059,0.054,0.065,0.058,4,4/1/2019
9148,9148,9,"Kiwifruit, green, raw","Kiwifruit, green, raw",1091,5600,"Phosphorus, P","Phosphorus, P",MG,34,25,42,1.603,19,34,27,42,35,7,4/1/2019
9148,9148,9,"Kiwifruit, green, raw","Kiwifruit, green, raw",1090,5500,"Magnesium, Mg","Magnesium, Mg",MG,17,12,23,0.953,21,15.7,11.6,18.3,16.1,8,4/1/2019
9148,9148,9,"Kiwifruit, green, raw","Kiwifruit, green, raw",1210,16300,Tryptophan,Tryptophan,G,0.015,,,,0,0.013,0.007,0.018,0.014,4,4/1/2019
9148,9148,9,"Kiwifruit, green, raw","Kiwifruit, green, raw",1003,600,Protein,Protein,G,1.14,0.8,1.6,0.116,20,1.06,0.8,1.32,1.01,,4/1/2019
9148,9148,9,"Kiwifruit, green, raw","Kiwifruit, green, raw",1162,6300,"Vitamin C, total ascorbic acid","Vitamin C, total ascorbic acid",MG,92.7,77.4,118,3.367,16,74.7,55.5,105,71.8,8,4/1/2019
9148,9148,9,"Kiwifruit, green, raw","Kiwifruit, green, raw",1127,8200,"Tocopherol, delta","Tocopherol, delta",MG,0,0,0,0,4,0,0,0,0,4,4/1/2019
9148,9148,9,"Kiwifruit, green, raw","Kiwifruit, green, raw",1212,16500,Isoleucine,Isoleucine,G,0.051,,,,0,0.046,0.041,0.05,0.047,4,4/1/2019
9148,9148,9,"Kiwifruit, green, raw","Kiwifruit, green, raw",1219,17200,Valine,Valine,G,0.057,,,,0,0.052,0.045,0.056,0.052,4,4/1/2019
9148,9148,9,"Kiwifruit, green, raw","Kiwifruit, green, raw",1227,18000,Serine,Serine,G,0.053,,,,0,0.047,0.045,0.05,0.046,4,4/1/2019
9148,9148,9,"Kiwifruit, green, raw","Kiwifruit, green, raw",1167,6600,Niacin,Niacin,MG,0.341,0.251,0.444,0.032,18,0.37,0.251,0.444,0.369,6,4/1/2019
9148,9148,9,"Kiwifruit, green, raw","Kiwifruit, green, raw",1089,5400,"Iron, Fe","Iron, Fe",MG,0.31,0.17,0.7,0.062,21,0.24,0.17,0.34,0.23,8,4/1/2019
9148,9148,9,"Kiwifruit, green, raw","Kiwifruit, green, raw",1215,16800,Methionine,Methionine,G,0.024,,,,0,0.022,0.016,0.027,0.021,4,4/1/2019
9148,9148,9,"Kiwifruit, green, raw","Kiwifruit, green, raw",1107,7440,"Carotene, beta","Carotene, beta",UG,52,32,70,2.982,18,52,32,69,52,6,4/1/2019
9148,9148,9,"Kiwifruit, green, raw","Kiwifruit, green, raw",1014,2000,Maltose,Maltose,G,0.19,0.15,0.3,0.016,8,0.19,0.15,0.3,0.18,8,4/1/2019
9148,9148,9,"Kiwifruit, green, raw","Kiwifruit, green, raw",1004,800,Total lipid (fat),Total lipid (fat),G,0.52,0.11,1.09,0.12,20,0.44,0.11,1.09,0.3,8,4/1/2019
9148,9148,9,"Kiwifruit, green, raw","Kiwifruit, green, raw",1218,17100,Tyrosine,Tyrosine,G,0.034,,,,0,0.03,0.027,0.034,0.03,4,4/1/2019
9148,9148,9,"Kiwifruit, green, raw","Kiwifruit, green, raw",1221,17400,Histidine,Histidine,G,0.027,,,,0,0.024,0.023,0.026,0.024,4,4/1/2019
9148,9148,9,"Kiwifruit, green, raw","Kiwifruit, green, raw",1165,6400,Thiamin,Thiamin,MG,0.027,0.015,0.038,,2,0.027,0.015,0.038,0.027,2,4/1/2019
9148,9148,9,"Kiwifruit, green, raw","Kiwifruit, green, raw",1129,8400,"Tocotrienol, beta","Tocotrienol, beta",MG,0,0,0,0,4,0,0,0,0,4,4/1/2019
9148,9148,9,"Kiwifruit, green, raw","Kiwifruit, green, raw",1012,1800,Fructose,Fructose,G,4.35,4.04,4.8,0.084,8,4.35,4.04,4.8,4.24,8,4/1/2019
9148,9148,9,"Kiwifruit, green, raw","Kiwifruit, green, raw",1109,7905,Vitamin E (alpha-tocopherol),Vitamin E (alpha-tocopherol),MG,1.46,1.28,1.82,0.043,16,1.3,1.28,1.33,1.3,4,4/1/2019
9148,9148,9,"Kiwifruit, green, raw","Kiwifruit, green, raw",1079,1200,"Fiber, total dietary","Fiber, total dietary",G,3,2.3,3.8,0.211,8,3,2.4,3.8,3,4,4/1/2019
9148,9148,9,"Kiwifruit, green, raw","Kiwifruit, green, raw",1087,5300,"Calcium, Ca","Calcium, Ca",MG,34,21,45,4.113,20,35,21,44,36,7,4/1/2019
9148,9148,9,"Kiwifruit, green, raw","Kiwifruit, green, raw",1222,17500,Alanine,Alanine,G,0.053,,,,0,0.048,0.045,0.051,0.048,4,4/1/2019
9148,9148,9,"Kiwifruit, green, raw","Kiwifruit, green, raw",1166,6500,Riboflavin,Riboflavin,MG,0.025,0.02,0.034,0.003,18,0.025,0.02,0.03,0.025,6,4/1/2019
9148,9148,9,"Kiwifruit, green, raw","Kiwifruit, green, raw",1009,2200,Starch,Starch,G,0,0,0,0,4,0,0,0,0,4,4/1/2019
9148,9148,9,"Kiwifruit, green, raw","Kiwifruit, green, raw",1223,17600,Aspartic acid,Aspartic acid,G,0.126,,,,0,0.113,0.1,0.127,0.112,4,4/1/2019
9148,9148,9,"Kiwifruit, green, raw","Kiwifruit, green, raw",1184,8900,Vitamin K (Dihydrophylloquinone),Dihydrophylloquinone,UG,0,0,0,0,8,0,0,0,0,8,4/1/2019
9148,9148,9,"Kiwifruit, green, raw","Kiwifruit, green, raw",1185,8800,Vitamin K (phylloquinone),Vitamin K (phylloquinone),UG,40.3,33.9,50.3,1.786,8,40.3,33.9,50.3,39.8,8,4/1/2019
9148,9148,9,"Kiwifruit, green, raw","Kiwifruit, green, raw",1063,1500,"Sugars, Total","Sugars, total",G,8.99,8.37,9.52,0.163,8,8.99,,,,,4/1/2019
9148,9148,9,"Kiwifruit, green, raw","Kiwifruit, green, raw",1131,8600,"Tocotrienol, delta","Tocotrienol, delta",MG,0,0,0,0,4,0,0,0,0,4,4/1/2019
9148,9148,9,"Kiwifruit, green, raw","Kiwifruit, green, raw",1008,300,Energy,Energy,KCAL,61,,,,0,58,,,,,4/1/2019
9148,9148,9,"Kiwifruit, green, raw","Kiwifruit, green, raw",1050,1120,"Carbohydrate, by difference","Carbohydrate, by difference",G,14.66,,,,0,12,,,,,4/1/2019
9148,9148,9,"Kiwifruit, green, raw","Kiwifruit, green, raw",1214,16700,Lysine,Lysine,G,0.061,,,,0,0.055,0.052,0.061,0.053,4,4/1/2019
9148,9148,9,"Kiwifruit, green, raw","Kiwifruit, green, raw",1226,17900,Proline,Proline,G,0.044,,,,0,0.04,0.036,0.044,0.039,4,4/1/2019
9148,9148,9,"Kiwifruit, green, raw","Kiwifruit, green, raw",1098,6000,"Copper, Cu","Copper, Cu",MG,0.13,0.077,0.182,0.007,21,0.134,0.077,0.18,0.131,8,4/1/2019
9191,9191,9,"Nectarines, raw","Nectarines, raw",1101,6100,"Manganese, Mn","Manganese, Mn",MG,0.054,0.037,0.066,0.009,8,0.047,0.037,0.061,0.037,7,4/1/2019
9191,9191,9,"Nectarines, raw","Nectarines, raw",1079,1200,"Fiber, total dietary","Fiber, total dietary",G,1.7,1.1,2.2,0.179,12,1.5,,,,,4/1/2019
9191,9191,9,"Nectarines, raw","Nectarines, raw",1213,16600,Leucine,Leucine,G,0.014,,,,0,0.013,0,0.028,0.012,4,4/1/2019
9191,9191,9,"Nectarines, raw","Nectarines, raw",1003,600,Protein,Protein,G,1.06,0.82,1.26,0.06,8,1.06,0.82,1.26,1.1,,4/1/2019
9191,9191,9,"Nectarines, raw","Nectarines, raw",1214,16700,Lysine,Lysine,G,0.016,,,,0,0.015,0,0.031,0.014,4,4/1/2019
9191,9191,9,"Nectarines, raw","Nectarines, raw",1227,18000,Serine,Serine,G,0.018,,,,0,0.016,0,0.035,0.015,4,4/1/2019
9191,9191,9,"Nectarines, raw","Nectarines, raw",1091,5600,"Phosphorus, P","Phosphorus, P",MG,26,22,30,1.168,7,26,22,30,25,7,4/1/2019
9191,9191,9,"Nectarines, raw","Nectarines, raw",1221,17400,Histidine,Histidine,G,0.008,,,,0,0.008,0,0.016,0.007,4,4/1/2019
9191,9191,9,"Nectarines, raw","Nectarines, raw",1103,6200,"Selenium, Se","Selenium, Se",UG,0,0,0.1,,2,0,0,0.1,0,2,4/1/2019
9191,9191,9,"Nectarines, raw","Nectarines, raw",1109,7905,Vitamin E (alpha-tocopherol),Vitamin E (alpha-tocopherol),MG,0.77,0.43,1.02,0.253,5,0.61,,,0.61,1,4/1/2019
9191,9191,9,"Nectarines, raw","Nectarines, raw",1226,17900,Proline,Proline,G,0.01,,,,0,0.009,0,0.02,0.007,4,4/1/2019
9191,9191,9,"Nectarines, raw","Nectarines, raw",1223,17600,Aspartic acid,Aspartic acid,G,0.568,,,,0,0.566,0.49,0.615,0.58,4,4/1/2019
9191,9191,9,"Nectarines, raw","Nectarines, raw",1051,100,Water,Water,G,87.59,84.9,89.7,0.651,17,89,88.1,89.4,89.2,8,4/1/2019
9191,9191,9,"Nectarines, raw","Nectarines, raw",1167,6600,Niacin,Niacin,MG,1.125,0.812,1.39,0.042,8,1.12,0.812,1.39,1.09,8,4/1/2019
9191,9191,9,"Nectarines, raw","Nectarines, raw",1089,5400,"Iron, Fe","Iron, Fe",MG,0.28,0.13,0.45,0.034,8,0.3,0.13,0.45,0.31,7,4/1/2019
9191,9191,9,"Nectarines, raw","Nectarines, raw",1014,2000,Maltose,Maltose,G,0,0,0,0,8,0,0,0,0,8,4/1/2019
9191,9191,9,"Nectarines, raw","Nectarines, raw",1211,16400,Threonine,Threonine,G,0.009,,,,0,0.008,0,0.019,0.006,4,4/1/2019
9191,9191,9,"Nectarines, raw","Nectarines, raw",1215,16800,Methionine,Methionine,G,0.006,,,,0,0.005,0,0.013,0.004,4,4/1/2019
9191,9191,9,"Nectarines, raw","Nectarines, raw",1106,7420,"Vitamin A, RAE","Vitamin A, RAE",UG,17,,,,0,21,,,,,4/1/2019
9191,9191,9,"Nectarines, raw","Nectarines, raw",1293,12900,"Fatty acids, total polyunsaturated","Fatty acids, total polyunsaturated",G,0.113,,,,0,0,,,,,4/1/2019
9191,9191,9,"Nectarines, raw","Nectarines, raw",1098,6000,"Copper, Cu","Copper, Cu",MG,0.086,0.021,0.175,0.031,8,0.082,0.021,0.175,0.047,7,4/1/2019
9191,9191,9,"Nectarines, raw","Nectarines, raw",1075,2100,Galactose,Galactose,G,0,0,0,0,8,0,0,0,0,8,4/1/2019
9191,9191,9,"Nectarines, raw","Nectarines, raw",1126,8100,"Tocopherol, gamma","Tocopherol, gamma",MG,0.01,0,0.04,0.012,5,0.04,,,0.04,1,4/1/2019
9191,9191,9,"Nectarines, raw","Nectarines, raw",1090,5500,"Magnesium, Mg","Magnesium, Mg",MG,9,8,10,0.267,8,8.8,7.8,9.4,8.9,7,4/1/2019
9191,9191,9,"Nectarines, raw","Nectarines, raw",1170,6700,Pantothenic acid,Pantothenic acid,MG,0.185,0.123,0.259,0.007,8,0.185,0.123,0.259,0.185,8,4/1/2019
9191,9191,9,"Nectarines, raw","Nectarines, raw",1218,17100,Tyrosine,Tyrosine,G,0.007,,,,0,0.006,0,0.014,0.006,4,4/1/2019
9191,9191,9,"Nectarines, raw","Nectarines, raw",1165,6400,Thiamin,Thiamin,MG,0.034,0.027,0.049,0.002,8,0.034,0.027,0.049,0.028,8,4/1/2019
9191,9191,9,"Nectarines, raw","Nectarines, raw",1012,1800,Fructose,Fructose,G,1.37,1.1,1.6,0.059,12,1.39,1.18,1.54,1.4,8,4/1/2019
9191,9191,9,"Nectarines, raw","Nectarines, raw",1005,1110,"Carbohydrate, by difference","Carbohydrate, by difference",G,10.55,,,,0,9.18,,,,,4/1/2019
9191,9191,9,"Nectarines, raw","Nectarines, raw",1217,17000,Phenylalanine,Phenylalanine,G,0.021,,,,0,0.01,0,0.021,0.009,4,4/1/2019
9191,9191,9,"Nectarines, raw","Nectarines, raw",1162,6300,"Vitamin C, total ascorbic acid","Vitamin C, total ascorbic acid",MG,5.4,,,0.409,6,2.9,2.4,3.4,2.9,8,4/1/2019
9191,9191,9,"Nectarines, raw","Nectarines, raw",1008,300,Energy,Energy,KCAL,44,,,,0,39,,,,,4/1/2019
9191,9191,9,"Nectarines, raw","Nectarines, raw",1087,5300,"Calcium, Ca","Calcium, Ca",MG,6,5,8,1.405,4,2,0,6,0,7,4/1/2019
9191,9191,9,"Nectarines, raw","Nectarines, raw",1224,17700,Glutamic acid,Glutamic acid,G,0.034,,,,0,0.032,0,0.068,0.029,4,4/1/2019
9191,9191,9,"Nectarines, raw","Nectarines, raw",1092,5700,"Potassium, K","Potassium, K",MG,201,149,228,23.23,6,131,74,166,149,7,4/1/2019
9191,9191,9,"Nectarines, raw","Nectarines, raw",1225,17800,Glycine,Glycine,G,0.011,,,,0,0.01,0,0.023,0.009,4,4/1/2019
9191,9191,9,"Nectarines, raw","Nectarines, raw",1292,11400,"Fatty acids, total monounsaturated","Fatty acids, total monounsaturated",G,0.088,,,,0,0,,,,,4/1/2019
9191,9191,9,"Nectarines, raw","Nectarines, raw",1219,17200,Valine,Valine,G,0.013,,,,0,0.012,0,0.025,0.01,4,4/1/2019
9191,9191,9,"Nectarines, raw","Nectarines, raw",1009,2200,Starch,Starch,G,0.07,0,0.15,0.043,4,0.07,0,0.15,0.07,4,4/1/2019
9191,9191,9,"Nectarines, raw","Nectarines, raw",1184,8900,Vitamin K (Dihydrophylloquinone),Dihydrophylloquinone,UG,0,0,0,0,8,0,0,0,0,4,4/1/2019
9191,9191,9,"Nectarines, raw","Nectarines, raw",1185,8800,Vitamin K (phylloquinone),Vitamin K (phylloquinone),UG,2.2,1.3,2.8,0.156,8,2,1.3,2.5,2,4,4/1/2019
9191,9191,9,"Nectarines, raw","Nectarines, raw",1127,8200,"Tocopherol, delta","Tocopherol, delta",MG,0.01,0,0.03,0.009,5,0.03,,,0.03,1,4/1/2019
9191,9191,9,"Nectarines, raw","Nectarines, raw",1258,9700,"Fatty acids, total saturated","Fatty acids, total saturated",G,0.025,,,,0,0,,,,,4/1/2019
9191,9191,9,"Nectarines, raw","Nectarines, raw",1050,1120,"Carbohydrate, by difference","Carbohydrate, by difference",G,10.55,,,,0,9.42,,,,,4/1/2019
9191,9191,9,"Nectarines, raw","Nectarines, raw",1122,7530,Lycopene,Lycopene,UG,0,0,0,0,8,0,0,0,0,8,4/1/2019
9191,9191,9,"Nectarines, raw","Nectarines, raw",1175,6800,Vitamin B-6,Vitamin B-6,MG,0.025,0.012,0.036,0,8,0.025,0.012,0.036,0.026,8,4/1/2019
9191,9191,9,"Nectarines, raw","Nectarines, raw",1013,1900,Lactose,Lactose,G,0,0,0,0,8,0,0,0,0,8,4/1/2019
9191,9191,9,"Nectarines, raw","Nectarines, raw",1107,7440,"Carotene, beta","Carotene, beta",UG,150,100,331,30.889,10,199,114,331,184,8,4/1/2019
9191,9191,9,"Nectarines, raw","Nectarines, raw",1093,5800,"Sodium, Na","Sodium, Na",MG,0,0,1,0.153,3,13,5,17,15,7,4/1/2019
9191,9191,9,"Nectarines, raw","Nectarines, raw",1177,6900,"Folate, total","Folate, total",UG,5,3,8,1.177,4,6,3,8,7,8,4/1/2019
9191,9191,9,"Nectarines, raw","Nectarines, raw",1007,1000,Ash,Ash,G,0.48,0.35,0.61,0.02,8,0.48,0.35,0.6,0.48,8,4/1/2019
9191,9191,9,"Nectarines, raw","Nectarines, raw",1216,16900,Cystine,Cystine,G,0.005,,,,0,0.005,0,0.012,0.004,4,4/1/2019
9191,9191,9,"Nectarines, raw","Nectarines, raw",1220,17300,Arginine,Arginine,G,0.009,,,,0,0.008,0,0.017,0.007,4,4/1/2019
9191,9191,9,"Nectarines, raw","Nectarines, raw",1062,400,Energy,Energy,kJ,185,,,,0,163,,,,,4/1/2019
9191,9191,9,"Nectarines, raw","Nectarines, raw",1011,1700,Glucose,Glucose (dextrose),G,1.57,1,2.17,0.108,12,1.67,1.26,2.17,1.64,8,4/1/2019
9191,9191,9,"Nectarines, raw","Nectarines, raw",1210,16300,Tryptophan,Tryptophan,G,0.005,,,,0,0.005,0,0.011,0.004,4,4/1/2019
9191,9191,9,"Nectarines, raw","Nectarines, raw",1004,800,Total lipid (fat),Total lipid (fat),G,0.32,0.13,0.7,0.038,8,0.28,0.01,0.7,0.2,8,4/1/2019
9191,9191,9,"Nectarines, raw","Nectarines, raw",1212,16500,Isoleucine,Isoleucine,G,0.009,,,,0,0.008,0,0.018,0.007,4,4/1/2019
9191,9191,9,"Nectarines, raw","Nectarines, raw",1166,6500,Riboflavin,Riboflavin,MG,0.027,0.02,0.03,0.001,8,0.027,0.02,0.03,0.028,8,4/1/2019
9191,9191,9,"Nectarines, raw","Nectarines, raw",1222,17500,Alanine,Alanine,G,0.017,,,,0,0.015,0,0.035,0.012,4,4/1/2019
9191,9191,9,"Nectarines, raw","Nectarines, raw",1010,1600,Sucrose,Sucrose,G,4.87,3.6,6.7,0.101,12,4.83,4.23,5.25,4.85,8,4/1/2019
9191,9191,9,"Nectarines, raw","Nectarines, raw",1125,8000,"Tocopherol, beta","Tocopherol, beta",MG,0.01,0,0.01,0.007,5,0.01,,,0.01,1,4/1/2019
9191,9191,9,"Nectarines, raw","Nectarines, raw",1095,5900,"Zinc, Zn","Zinc, Zn",MG,0.17,0.12,0.31,0.035,8,0.21,0.14,0.31,0.19,7,4/1/2019
9191,9191,9,"Nectarines, raw","Nectarines, raw",1063,1500,"Sugars, Total","Sugars, total",G,7.89,7.29,8.8,0.197,8,7.89,,,,,4/1/2019
9040,9040,9,"Bananas, ripe and slightly ripe, raw","Bananas, raw",1014,2000,Maltose,Maltose,G,0.01,0,0.11,0.014,8,0,0,0,0,12,4/1/2020
9040,9040,9,"Bananas, ripe and slightly ripe, raw","Bananas, raw",1075,2100,Galactose,Galactose,G,0,0,0,0,8,0,0,0,0,12,4/1/2020
9040,9040,9,"Bananas, ripe and slightly ripe, raw","Bananas, raw",1013,1900,Lactose,Lactose,G,0,0,0,0,8,0,0,0,0,12,4/1/2020
9040,9040,9,"Bananas, ripe and slightly ripe, raw","Bananas, raw",1175,6800,Vitamin B-6,Vitamin B-6,MG,0.367,0.302,0.42,0.01,12,0.209,0.192,0.229,0.207,12,4/1/2020
9040,9040,9,"Bananas, ripe and slightly ripe, raw","Bananas, raw",1098,6000,"Copper, Cu","Copper, Cu",MG,0.078,0.025,0.186,0.011,45,0.101,0.083,0.128,0.097,6,4/1/2020
9040,9040,9,"Bananas, ripe and slightly ripe, raw","Bananas, raw",1095,5900,"Zinc, Zn","Zinc, Zn",MG,0.15,0.11,0.24,0.001,45,0.16,0.15,0.19,0.16,6,4/1/2020
9040,9040,9,"Bananas, ripe and slightly ripe, raw","Bananas, raw",1107,7440,"Carotene, beta","Carotene, beta",UG,26,14,58,2.167,10,8,4,31,5,12,4/1/2020
9040,9040,9,"Bananas, ripe and slightly ripe, raw","Bananas, raw",1162,6300,"Vitamin C, total ascorbic acid","Vitamin C, total ascorbic acid",MG,8.7,8,9.5,0.434,8,12.3,9.2,15.1,12.6,12,4/1/2020
9040,9040,9,"Bananas, ripe and slightly ripe, raw","Bananas, raw",1091,5600,"Phosphorus, P","Phosphorus, P",MG,22,15,29,0.171,45,22,20,24,22,6,4/1/2020
9040,9040,9,"Bananas, ripe and slightly ripe, raw","Bananas, raw",1008,300,Energy,Energy,KCAL,89,,,,0,97,,,,,4/1/2020
9040,9040,9,"Bananas, ripe and slightly ripe, raw","Bananas, raw",1010,1600,Sucrose,Sucrose,G,2.39,0.45,4.12,0.546,8,4.18,1.15,9.4,4.17,12,4/1/2020
9040,9040,9,"Bananas, ripe and slightly ripe, raw","Bananas, raw",1103,6200,"Selenium, Se","Selenium, Se",UG,1,0,5.4,0.289,31,0,0,0,0,6,4/1/2020
9040,9040,9,"Bananas, ripe and slightly ripe, raw","Bananas, raw",1005,1110,"Carbohydrate, by difference","Carbohydrate, by difference",G,22.84,,,,0,23,,,,,4/1/2020
9040,9040,9,"Bananas, ripe and slightly ripe, raw","Bananas, raw",1092,5700,"Potassium, K","Potassium, K",MG,358,308,426,1.911,45,326,300,355,326,6,4/1/2020
9040,9040,9,"Bananas, ripe and slightly ripe, raw","Bananas, raw",1087,5300,"Calcium, Ca","Calcium, Ca",MG,5,4,7,0.047,45,5,4,6,4,6,4/1/2020
9040,9040,9,"Bananas, ripe and slightly ripe, raw","Bananas, raw",1165,6400,Thiamin,Thiamin,MG,0.031,0.01,0.051,0.006,12,0.056,0.044,0.068,0.057,12,4/1/2020
9040,9040,9,"Bananas, ripe and slightly ripe, raw","Bananas, raw",1090,5500,"Magnesium, Mg","Magnesium, Mg",MG,27,18,38,0.475,45,28,26.9,31.9,27.4,6,4/1/2020
9040,9040,9,"Bananas, ripe and slightly ripe, raw","Bananas, raw",1011,1700,Glucose,Glucose (dextrose),G,4.98,1.79,8.13,0.806,8,5.55,0,9.49,5.86,12,4/1/2020
9040,9040,9,"Bananas, ripe and slightly ripe, raw","Bananas, raw",1089,5400,"Iron, Fe","Iron, Fe",MG,0.26,0.19,0.41,0.001,42,0,0,0,0,6,4/1/2020
9040,9040,9,"Bananas, ripe and slightly ripe, raw","Bananas, raw",1106,7420,"Vitamin A, RAE","Vitamin A, RAE",UG,3,,,,0,1,,,,,4/1/2020
9040,9040,9,"Bananas, ripe and slightly ripe, raw","Bananas, raw",1166,6500,Riboflavin,Riboflavin,MG,0.073,0.05,0.115,0.008,12,0,0,0,0,12,4/1/2020
9040,9040,9,"Bananas, ripe and slightly ripe, raw","Bananas, raw",1050,1120,"Carbohydrate, by difference","Carbohydrate, by difference",G,22.84,,,,0,21.2,,,,,4/1/2020
9040,9040,9,"Bananas, ripe and slightly ripe, raw","Bananas, raw",1063,1500,"Carbohydrate, by difference","Sugars, total",G,12.23,7.51,16.21,1.034,8,15.8,,,,,4/1/2020
9040,9040,9,"Bananas, ripe and slightly ripe, raw","Bananas, raw",1012,1800,"Carbohydrate, by difference",Fructose,G,4.85,2.34,7.52,0.658,8,6.09,3.33,9.43,6.02,12,4/1/2020
9040,9040,9,"Bananas, ripe and slightly ripe, raw","Bananas, raw",2028,7444,"Carbohydrate, by difference","Carotene, beta",UG,26,14,58,2.167,10,7,3,27,4,12,4/1/2020
9040,9040,9,"Bananas, ripe and slightly ripe, raw","Bananas, raw",1120,7460,"Carbohydrate, by difference","Cryptoxanthin, beta",UG,0,0,0,0,6,0,0,0,0,12,4/1/2020
9040,9040,9,"Bananas, ripe and slightly ripe, raw","Bananas, raw",1101,6100,"Carbohydrate, by difference","Manganese, Mn",MG,0.27,0.116,0.829,0.007,45,0.258,0.093,0.47,0.262,6,4/1/2020
9040,9040,9,"Bananas, ripe and slightly ripe, raw","Bananas, raw",1062,400,"Carbohydrate, by difference",Energy,kJ,371,,,,0,408,,,,,4/1/2020
9040,9040,9,"Bananas, ripe and slightly ripe, raw","Bananas, raw",1177,6900,"Folate, total","Folate, total",UG,20,8,27,0.472,11,14,12,16,13,6,4/1/2020
9040,9040,9,"Bananas, ripe and slightly ripe, raw","Bananas, raw",1093,5800,"Sodium, Na","Sodium, Na",MG,1,0,5,0.395,45,0,0,0,0,6,4/1/2020
9040,9040,9,"Bananas, ripe and slightly ripe, raw","Bananas, raw",1051,100,Water,Water,G,74.91,71.3,78.2,0.286,20,75.3,72.2,77,75.3,12,4/1/2020
9040,9040,9,"Bananas, ripe and slightly ripe, raw","Bananas, raw",1185,8800,Vitamin K (phylloquinone),Vitamin K (phylloquinone),UG,0.5,0.2,0.9,0.075,6,0.1,0,0.3,0.1,12,4/1/2020
9040,9040,9,"Bananas, ripe and slightly ripe, raw","Bananas, raw",1167,6600,Niacin,Niacin,MG,0.665,0.544,0.749,0.002,12,0.662,0.59,0.78,0.66,12,4/1/2020
9040,9040,9,"Bananas, ripe and slightly ripe, raw","Bananas, raw",1184,8900,Vitamin K (Dihydrophylloquinone),Dihydrophylloquinone,UG,0,0,0,0,4,0,0,0,0,12,4/1/2020
9040,9040,9,"Bananas, ripe and slightly ripe, raw","Bananas, raw",1079,1200,"Fiber, total dietary","Fiber, total dietary",G,2.6,1.7,3.7,0.129,13,1.7,1.1,2.2,1.7,10,4/1/2020
9040,9040,9,"Bananas, ripe and slightly ripe, raw","Bananas, raw",1004,800,Total lipid (fat),Total lipid (fat),G,0.33,0.07,0.7,0.067,19,0.29,0,0.72,0.14,12,4/1/2020
9040,9040,9,"Bananas, ripe and slightly ripe, raw","Bananas, raw",1007,1000,Ash,Ash,G,0.82,0.43,1,0.03,12,0.7,0.65,0.81,0.7,12,4/1/2020
9040,9040,9,"Bananas, ripe and slightly ripe, raw","Bananas, raw",1009,2200,Starch,Starch,G,5.38,3,9.39,0.564,8,3.66,1.55,5.4,4.04,12,4/1/2020
9040,9040,9,"Bananas, ripe and slightly ripe, raw","Bananas, raw",1003,600,Protein,Protein,G,1.09,0.75,1.31,0.022,12,0.74,0.69,0.81,0.75,,4/1/2020
9500,9500,9,"Apples, red delicious, with skin, raw","Apples, raw, red delicious, with skin",1063,1500,"Sugars, Total","Sugars, total",G,10.48,9.25,11.3,0.234,6,12.221,,,,,10/30/2020
9500,9500,9,"Apples, red delicious, with skin, raw","Apples, raw, red delicious, with skin",1050,1120,"Carbohydrate, by difference","Carbohydrate, by difference",G,14.06,,,,0,14.263,,,,,10/30/2020
9500,9500,9,"Apples, red delicious, with skin, raw","Apples, raw, red delicious, with skin",1005,1110,"Carbohydrate, by difference","Carbohydrate, by difference",G,14.06,,,,0,14.7817,,,,,10/30/2020
9500,9500,9,"Apples, red delicious, with skin, raw","Apples, raw, red delicious, with skin",1003,600,"Carbohydrate, by difference",Protein,G,0.27,0.22,0.32,0.017,6,0.1875,0.125,0.25,0.1875,,10/30/2020
9500,9500,9,"Apples, red delicious, with skin, raw","Apples, raw, red delicious, with skin",1011,1700,"Carbohydrate, by difference",Glucose (dextrose),G,2.71,2.45,3.18,0.059,6,3.092,2.52,3.55,3.143,8,10/30/2020
9500,9500,9,"Apples, red delicious, with skin, raw","Apples, raw, red delicious, with skin",1007,1000,"Carbohydrate, by difference",Ash,G,0.14,0.07,0.19,0.022,6,0.1483,0,0.3785,0.1405,8,10/30/2020
9500,9500,9,"Apples, red delicious, with skin, raw","Apples, raw, red delicious, with skin",1092,5700,"Carbohydrate, by difference","Potassium, K",MG,104,94,109,2.98,5,95.31,75.1,114,96.5,8,10/30/2020
9500,9500,9,"Apples, red delicious, with skin, raw","Apples, raw, red delicious, with skin",1012,1800,"Carbohydrate, by difference",Fructose,G,5.9,5.55,6.16,0.118,6,7.81,6.32,9.13,7.825,8,10/30/2020
9500,9500,9,"Apples, red delicious, with skin, raw","Apples, raw, red delicious, with skin",1013,1900,Lactose,Lactose,G,0,0,0,0,6,0,0,0,0,8,10/30/2020
9500,9500,9,"Apples, red delicious, with skin, raw","Apples, raw, red delicious, with skin",1051,100,Water,Water,G,85.33,82.39,86.91,0.347,13,84.67,82.93,86.9,84.52,8,10/30/2020
9500,9500,9,"Apples, red delicious, with skin, raw","Apples, raw, red delicious, with skin",1093,5800,"Sodium, Na","Sodium, Na",MG,1,,,,1,0,0,0,0,8,10/30/2020
9500,9500,9,"Apples, red delicious, with skin, raw","Apples, raw, red delicious, with skin",1089,5400,"Iron, Fe","Iron, Fe",MG,0.11,0.09,0.12,0.002,3,0,0,0,0,8,10/30/2020
9500,9500,9,"Apples, red delicious, with skin, raw","Apples, raw, red delicious, with skin",1175,6800,Vitamin B-6,Vitamin B-6,MG,0.034,0.028,0.037,0.002,4,0.02131,0.018,0.023,0.02175,8,10/30/2020
9500,9500,9,"Apples, red delicious, with skin, raw","Apples, raw, red delicious, with skin",1177,6900,"Folate, total","Folate, total",UG,3,,,,0,0,0,0,0,8,10/30/2020
9500,9500,9,"Apples, red delicious, with skin, raw","Apples, raw, red delicious, with skin",1010,1600,Sucrose,Sucrose,G,1.86,0.8,2.62,0.093,6,1.319,0.42,2.2,1.33,8,10/30/2020
9500,9500,9,"Apples, red delicious, with skin, raw","Apples, raw, red delicious, with skin",1166,6500,Riboflavin,Riboflavin,MG,0.025,0.015,0.035,0.002,4,0.06625,0.05,0.08,0.07,8,10/30/2020
9500,9500,9,"Apples, red delicious, with skin, raw","Apples, raw, red delicious, with skin",1079,1200,"Fiber, total dietary","Fiber, total dietary",G,2.3,1.4,3,0.127,6,2.043,1.43,2.29,2.123,8,10/30/2020
9500,9500,9,"Apples, red delicious, with skin, raw","Apples, raw, red delicious, with skin",1090,5500,"Magnesium, Mg","Magnesium, Mg",MG,5,5,5,0.046,5,4.695,4.31,5.03,4.665,8,10/30/2020
9500,9500,9,"Apples, red delicious, with skin, raw","Apples, raw, red delicious, with skin",2000,1510,"Sugars, total","Sugars, total",G,10.48,9.25,11.3,0.234,6,12.22,9.26,14.33,12.4,8,10/30/2020
9500,9500,9,"Apples, red delicious, with skin, raw","Apples, raw, red delicious, with skin",1091,5600,"Phosphorus, P","Phosphorus, P",MG,12,11,12,0.347,4,9.183,6.23,12.2,8.945,8,10/30/2020
9500,9500,9,"Apples, red delicious, with skin, raw","Apples, raw, red delicious, with skin",1004,800,Total lipid (fat),Total lipid (fat),G,0.2,0.12,0.25,0.01,12,0.2125,0.1,0.3,0.2,8,10/30/2020
9500,9500,9,"Apples, red delicious, with skin, raw","Apples, raw, red delicious, with skin",1167,6600,Niacin,Niacin,MG,0.075,0.07,0.08,,2,0.09,0.08,0.1,0.09,8,10/30/2020
9500,9500,9,"Apples, red delicious, with skin, raw","Apples, raw, red delicious, with skin",1087,5300,"Calcium, Ca","Calcium, Ca",MG,6,4,9,0.55,5,4.656,3.24,6.05,4.59,8,10/30/2020
9500,9500,9,"Apples, red delicious, with skin, raw","Apples, raw, red delicious, with skin",1101,6100,"Manganese, Mn","Manganese, Mn",MG,0.034,0.026,0.05,0.003,5,0.02948,0.0187,0.0394,0.031,8,10/30/2020
9500,9500,9,"Apples, red delicious, with skin, raw","Apples, raw, red delicious, with skin",1165,6400,Thiamin,Thiamin,MG,0.015,0.01,0.022,0.002,4,0.00875,0,0.01,0.01,8,10/30/2020
9500,9500,9,"Apples, red delicious, with skin, raw","Apples, raw, red delicious, with skin",1095,5900,"Zinc, Zn","Zinc, Zn",MG,0.04,0.02,0.07,0.006,5,0.01964,0,0.0332,0.02325,8,10/30/2020
9500,9500,9,"Apples, red delicious, with skin, raw","Apples, raw, red delicious, with skin",1014,2000,Maltose,Maltose,G,0,0,0,0,6,0,0,0,0,8,10/30/2020
9500,9500,9,"Apples, red delicious, with skin, raw","Apples, raw, red delicious, with skin",1098,6000,"Copper, Cu","Copper, Cu",MG,0.027,0.024,0.029,0,3,0.02429,0.018,0.0326,0.0234,8,10/30/2020
9504,9504,9,"Apples, fuji, with skin, raw","Apples, raw, fuji, with skin",1063,1500,"Sugars, Total","Sugars, total",G,11.68,11.5,12.01,0.163,3,13.332,,,,,10/30/2020
9504,9504,9,"Apples, fuji, with skin, raw","Apples, raw, fuji, with skin",1050,1120,"Carbohydrate, by difference","Carbohydrate, by difference",G,15.22,,,,0,15.405,,,,,10/30/2020
9504,9504,9,"Apples, fuji, with skin, raw","Apples, raw, fuji, with skin",1005,1110,"Carbohydrate, by difference","Carbohydrate, by difference",G,15.22,,,,0,15.6511625,,,,,10/30/2020
9504,9504,9,"Apples, fuji, with skin, raw","Apples, raw, fuji, with skin",1003,600,"Carbohydrate, by difference",Protein,G,0.2,0.17,0.22,0.008,4,0.1484375,0,0.25,0.125,,10/30/2020
9504,9504,9,"Apples, fuji, with skin, raw","Apples, raw, fuji, with skin",1101,6100,"Carbohydrate, by difference","Manganese, Mn",MG,0.031,0.026,0.037,0.001,4,0.03263,0.0208,0.0416,0.0333,8,10/30/2020
9504,9504,9,"Apples, fuji, with skin, raw","Apples, raw, fuji, with skin",1079,1200,"Carbohydrate, by difference","Fiber, total dietary",G,2.1,1.7,2.8,0.2,4,2.075,1.89,2.32,2.06,8,10/30/2020
9504,9504,9,"Apples, fuji, with skin, raw","Apples, raw, fuji, with skin",1090,5500,"Carbohydrate, by difference","Magnesium, Mg",MG,5,5,5,0.048,4,4.67,3.89,5.58,4.485,8,10/30/2020
9504,9504,9,"Apples, fuji, with skin, raw","Apples, raw, fuji, with skin",1091,5600,"Carbohydrate, by difference","Phosphorus, P",MG,13,11,13,0.476,4,9.78,6.38,13,9.78,8,10/30/2020
9504,9504,9,"Apples, fuji, with skin, raw","Apples, raw, fuji, with skin",1093,5800,"Sodium, Na","Sodium, Na",MG,1,,,,0,1.013,0,8.1,0,8,10/30/2020
9504,9504,9,"Apples, fuji, with skin, raw","Apples, raw, fuji, with skin",1098,6000,"Copper, Cu","Copper, Cu",MG,0.025,0.021,0.029,,2,0.03279,0.0216,0.0524,0.0304,8,10/30/2020
9504,9504,9,"Apples, fuji, with skin, raw","Apples, raw, fuji, with skin",1051,100,Water,Water,G,84.16,83.55,85.66,0.473,4,83.61,82.04,84.67,83.75,8,10/30/2020
9504,9504,9,"Apples, fuji, with skin, raw","Apples, raw, fuji, with skin",1004,800,Total lipid (fat),Total lipid (fat),G,0.18,0.07,0.27,0.049,4,0.1625,0,0.3,0.2,8,10/30/2020
9504,9504,9,"Apples, fuji, with skin, raw","Apples, raw, fuji, with skin",1087,5300,"Calcium, Ca","Calcium, Ca",MG,7,6,8,0.318,4,5.975,4.91,6.67,6.065,8,10/30/2020
9504,9504,9,"Apples, fuji, with skin, raw","Apples, raw, fuji, with skin",1010,1600,Sucrose,Sucrose,G,2.21,1.35,2.67,0.021,3,1.704,1.15,2.39,1.675,8,10/30/2020
9504,9504,9,"Apples, fuji, with skin, raw","Apples, raw, fuji, with skin",1092,5700,"Potassium, K","Potassium, K",MG,109,90,126,4.937,4,103.8,79.3,119,104,8,10/30/2020
9504,9504,9,"Apples, fuji, with skin, raw","Apples, raw, fuji, with skin",1013,1900,Lactose,Lactose,G,0,0,0,0,3,0,0,0,0,8,10/30/2020
9504,9504,9,"Apples, fuji, with skin, raw","Apples, raw, fuji, with skin",1014,2000,Maltose,Maltose,G,0,0,0,0,3,0,0,0,0,8,10/30/2020
9504,9504,9,"Apples, fuji, with skin, raw","Apples, raw, fuji, with skin",1095,5900,"Zinc, Zn","Zinc, Zn",MG,0.04,0.03,0.08,0.012,4,0.01676,0,0.0336,0.0226,8,10/30/2020
9504,9504,9,"Apples, fuji, with skin, raw","Apples, raw, fuji, with skin",1167,6600,Niacin,Niacin,MG,0.07,0.07,0.07,,2,0.09063,0.075,0.12,0.085,8,10/30/2020
9504,9504,9,"Apples, fuji, with skin, raw","Apples, raw, fuji, with skin",1007,1000,Ash,Ash,G,0.24,0.15,0.34,0.052,4,0.4279,0,1.49,0.26,8,10/30/2020
9504,9504,9,"Apples, fuji, with skin, raw","Apples, raw, fuji, with skin",1165,6400,Thiamin,Thiamin,MG,0.013,0.007,0.019,0.001,4,0.00625,0,0.01,0.01,8,10/30/2020
9504,9504,9,"Apples, fuji, with skin, raw","Apples, raw, fuji, with skin",1175,6800,Vitamin B-6,Vitamin B-6,MG,0.045,0.037,0.055,0.005,4,0.03544,0.026,0.045,0.03475,8,10/30/2020
9504,9504,9,"Apples, fuji, with skin, raw","Apples, raw, fuji, with skin",1166,6500,Riboflavin,Riboflavin,MG,0.026,0.015,0.035,0.001,4,0.0675,0.06,0.08,0.07,8,10/30/2020
9504,9504,9,"Apples, fuji, with skin, raw","Apples, raw, fuji, with skin",1012,1800,Fructose,Fructose,G,6.47,6.37,6.55,0.06,3,8.59,7.47,10.08,8.385,8,10/30/2020
9504,9504,9,"Apples, fuji, with skin, raw","Apples, raw, fuji, with skin",1089,5400,"Iron, Fe","Iron, Fe",MG,0.1,0.1,0.11,,2,0.015,0,0.12,0,8,10/30/2020
9504,9504,9,"Apples, fuji, with skin, raw","Apples, raw, fuji, with skin",2000,1510,"Sugars, total","Sugars, total",G,11.68,11.5,12.01,0.163,3,13.33,11.56,15.28,13.42,8,10/30/2020
9504,9504,9,"Apples, fuji, with skin, raw","Apples, raw, fuji, with skin",1011,1700,Glucose,Glucose (dextrose),G,3,2.55,3.66,0.082,3,3.038,2.35,3.9,2.935,8,10/30/2020
9504,9504,9,"Apples, fuji, with skin, raw","Apples, raw, fuji, with skin",1177,6900,"Folate, total","Folate, total",UG,3,,,,0,0,0,0,0,8,10/30/2020
9503,9503,9,"Apples, gala, with skin, raw","Apples, raw, gala, with skin",1063,1500,"Sugars, Total","Sugars, total",G,10.37,9.39,11.26,0.05,4,11.835,,,,,10/30/2020
9503,9503,9,"Apples, gala, with skin, raw","Apples, raw, gala, with skin",1050,1120,"Carbohydrate, by difference","Carbohydrate, by difference",G,13.68,,,,0,13.939,,,,,10/30/2020
9503,9503,9,"Apples, gala, with skin, raw","Apples, raw, gala, with skin",1005,1110,"Carbohydrate, by difference","Carbohydrate, by difference",G,13.68,,,,0,14.7680875,,,,,10/30/2020
9503,9503,9,"Apples, gala, with skin, raw","Apples, raw, gala, with skin",1003,600,"Carbohydrate, by difference",Protein,G,0.25,0.22,0.32,0.025,4,0.1328125,0,0.1875,0.1875,,10/30/2020
